V1,V2,V3,subtissue,tissue
14.9859256306827,-8.47947684648207,5.37421945877909,GSM1010948,Ovary
-8.58141061472747,12.944703570472,17.5004523979998,GSM1010956,Esophagus
-22.9727853531274,-5.34202873507864,0.156191211985891,GSM1010976,Spleen
17.1373738171105,2.7947205636764,-0.800091535282114,GSM1098330,Adipose
-15.385481598939,-2.28121176463442,-2.52428105882402,GSM1120313,SmallIntestine
-24.1718967475729,-8.00965250274444,-1.20755370730137,GSM1120316,Spleen
-23.6386890905532,-7.54795195840179,-0.906505670276865,GSM1120317,Spleen
-20.1012390436753,-15.3559000626127,-25.244848615999,GSM1128650,Adipose
-15.5354758855127,-10.9959835390835,1.34370612216939,GSM1131539,Colon
-15.552941003497,-11.0244377246387,1.46686093002458,GSM1131540,Colon
-12.9774390747065,6.13872081015618,-13.2080267614337,GSM1154038,Prostate
17.991320640539,-9.1203297515795,-6.47526495007587,GSM1156943,Brain
18.0029848520818,-9.10510376665046,-6.4001965042989,GSM1157685,Brain
17.9973343410997,-9.08336871831891,-6.39935945613551,GSM1157698,Brain
16.3222095352219,0.192608107875856,9.17529069076176,GSM1173237,Esophagus
13.5181961236132,-3.49978574582059,10.6400965217406,GSM1173238,Esophagus
-4.13188337668669,-10.8990226429951,-12.419512293835,GSM1177219,Prostate
-5.94357695073308,-3.22510661316678,-9.29630621621489,GSM1185640,Thyroid
-5.8460478033456,-3.46318719830375,-9.40646026251703,GSM1185642,Thyroid
-5.27421994638442,-4.95427463160767,-6.77017147457111,GSM1185643,Thyroid
-3.13410365645473,-3.92579688556465,-8.75621339258154,GSM1185644,Thyroid
-4.23543855297273,-4.55052516398731,-8.09614129722842,GSM1185645,Thyroid
-2.41687508483652,-3.73142270570824,-8.812948042137,GSM1185648,Thyroid
7.54557518730944,-8.17913242488768,25.4497127601674,GSM1196045,Ovary
-17.5695169492794,11.4244847181564,-11.8699282922992,GSM1220267,Kidney
-11.6283363319109,-5.97312599852441,7.62547913067905,GSM1234531,Prostate
9.26444964952183,-4.29595832943351,9.58041031553804,GSM1266740,Brain
13.1869505174858,-7.03396552690507,9.31326245023868,GSM1267267,Lung
-19.1979657423489,4.59314394954611,-1.22933919865171,GSM1281758,Heart
17.265424533231,3.61465656609397,-7.26321978111942,GSM1281764,Heart
5.98516804813273,1.42996077487028,-1.57633259069807,GSM1281784,Heart
17.1662691878665,3.99768912284638,-6.58476413657575,GSM1281785,Heart
12.0915479061555,-0.224547508020561,3.00162525631651,GSM1281799,Heart
6.83915665987623,1.86527244757706,0.292225638768043,GSM1281800,Heart
1.18977402189344,-1.28441653311064,-8.19578265584679,GSM1281801,Heart
5.96241769573522,1.36442924521402,-0.120933254144381,GSM1281835,Heart
6.09883219713805,1.52009712652307,-0.198067162446462,GSM1281837,Heart
12.0023333815968,0.449434906277923,2.79252252456725,GSM1281848,Heart
7.96322503409284,4.13861185869254,0.684227097947682,GSM1281862,Heart
13.0632852380925,8.97117529941024,-2.24463458391391,GSM1281880,Heart
10.0607816334374,1.4429886903835,6.36846512382504,GSM1281881,Heart
7.5845687065078,8.35152319975351,7.73730371476806,GSM1281883,Heart
17.2551135891905,7.37252788139758,-2.27133550744591,GSM1281884,Heart
10.9332073438351,9.51310452852559,-8.12813125720673,GSM1281885,Heart
19.0703175409277,7.39257601898914,-5.80078617800504,GSM1281886,Heart
6.03145737535054,0.766306560307098,1.52858990835177,GSM1281888,Heart
3.64874124507868,-5.11010747418221,-13.4811534524504,GSM1293745,Prostate
-10.4490002542306,12.3700805334015,3.93163957907951,GSM1297632,Adipose
-11.4936375313659,12.3686394163643,4.90702452527944,GSM1297638,Adipose
-9.41901820220217,13.9056741225778,9.18812675475531,GSM1297639,Adipose
-11.2771943713642,12.8214352495062,5.55329003672665,GSM1297643,Adipose
-11.7622776702606,12.8814610512393,6.48652569733725,GSM1297645,Adipose
-0.313460482662918,24.0557921263886,-2.09198190796997,GSM1297660,Adipose
-10.9134253927434,12.9723625580259,5.50438154346976,GSM1297674,Adipose
-7.72902168690622,16.0655176565362,-11.2341565293603,GSM1306817,Colon
-9.11222825083201,-10.648037012712,-6.01193115045689,GSM1335489,Spleen
8.49641401609712,-5.48765172945339,2.86568064629828,GSM1335689,WholeBlood
-18.9584122966216,-10.771482649372,3.33467696170823,GSM1342284,Spleen
-8.88050983048422,-10.9588121366812,-5.24074871143104,GSM1342285,Spleen
-16.704720329514,-5.719775778803,-3.86311061576664,GSM1342288,Spleen
-23.205147739493,-4.78751975366206,0.627466140854424,GSM1342291,Spleen
-8.71067415382501,-8.23327982883082,-14.9881684706343,GSM1376006,Lung
-9.55844650610363,-8.97140188897882,-16.093283887975,GSM1376052,Lung
-13.4792378631461,-9.63909557042613,-21.1782753588886,GSM1376069,Lung
-9.24114311662962,-8.36864416665251,-15.4637363179486,GSM1376085,Lung
-8.36593297711944,-8.52452456459879,-14.6872421294447,GSM1376172,Lung
-3.86960461956602,-12.061861120122,10.6977921678753,GSM1385779,Esophagus
-4.26073813221316,-11.4575281423649,9.75795611824369,GSM1385781,Esophagus
-4.59714922350869,-11.2491654840427,9.8045578126771,GSM1385782,Esophagus
-4.08607036514095,-13.7213076859485,-5.34967594396783,GSM1396725,Adipose
-3.95434800435999,-14.5347061009517,-4.95664261393436,GSM1396733,Adipose
-4.01333098734121,-14.4858387957156,-4.64788531249625,GSM1396749,Adipose
-8.17572191331079,-12.3931848600342,0.335253398904427,GSM1398963,Pancreas
3.13109657713523,-10.0820758796859,8.97458528144821,GSM1398969,Pancreas
4.64476447952188,-8.27102099714206,8.54639226910237,GSM1398970,Pancreas
3.16131763247275,-9.881823347447,9.06770764381398,GSM1398978,Pancreas
-7.62096953667528,-8.71652014704825,-13.5155008838584,GSM1398982,Pancreas
4.81576412840282,-7.96416523395427,8.56110449046382,GSM1398983,Pancreas
2.59806716177546,-9.16274725805287,9.47637017296544,GSM1398988,Pancreas
42.709895609431,0.205636102424083,15.1170191632295,GSM1409688,Muscle
42.5374845561799,1.28783507417966,15.9976633135914,GSM1409693,Muscle
42.022407677781,2.11932903079175,20.0269138434053,GSM1409706,Muscle
43.0922298473243,0.79229335642503,16.7569610447059,GSM1409707,Muscle
39.2949837070646,-0.659315168000882,16.1838541736362,GSM1415128,Muscle
40.9484340314496,-0.0148406821817617,17.2204970539658,GSM1415137,Muscle
41.8230324381812,-0.835958262409672,15.5281000584305,GSM1415139,Muscle
2.4798827547011,-1.25614412465479,-26.2671902907167,GSM1416804,Liver
10.5406472304285,-0.779522450362019,-8.27695913531249,GSM1436135,Colon
9.76895166104451,-1.26455604858319,-9.09397577215092,GSM1436137,Colon
10.4540184507545,-0.981462256714557,-8.85031900054843,GSM1436138,Colon
-0.13077933433034,-18.811767150786,-4.81390528917916,GSM1443854,Lung
-24.4215526329007,-2.87711064166973,0.913923053808063,GSM1480820,WholeBlood
41.0853497287159,1.28448696614273,15.6239951754629,GSM1482938,Muscle
40.7939357768678,0.367874273692701,19.7536143098493,GSM1482941,Muscle
40.8600269736803,-0.360866441645013,17.9171055488077,GSM1482947,Muscle
41.1550294168652,1.5979624688667,17.942967432209,GSM1482948,Muscle
41.4623205813222,-1.37966771142887,17.6336315748778,GSM1482952,Muscle
40.6162674685326,-0.424142570762444,14.6845318980518,GSM1482958,Muscle
39.3799501796217,2.2612418571232,18.2561327842899,GSM1482962,Muscle
42.2555252371668,-0.210779579856445,18.9902759239012,GSM1489558,Muscle
41.9214540868701,2.54257586439084,17.8592973395214,GSM1489560,Muscle
39.7738170503792,1.1217679584983,17.9444205581215,GSM1489564,Muscle
41.9735223382381,0.43157191121383,17.204606006742,GSM1489569,Muscle
40.0250818890381,-1.01970514660305,17.7501462574554,GSM1489570,Muscle
42.5884292078021,0.41986546467719,18.680310283965,GSM1489573,Muscle
39.0022793512605,0.969643855064097,16.1230007145675,GSM1489575,Muscle
40.3769907779231,1.34805214882508,16.4526403841204,GSM1489576,Muscle
40.2583091640806,1.14240839611653,15.4797351318579,GSM1489579,Muscle
40.2230795224082,-0.105863547258949,15.9958927772875,GSM1489581,Muscle
41.274228529676,-1.54697643038422,15.7171824840939,GSM1489582,Muscle
42.0828665814691,-0.827123436675914,16.8814694454719,GSM1489583,Muscle
39.8153522141638,0.314739266504663,16.8053024665739,GSM1489584,Muscle
41.6257824255734,0.46356890537163,16.4408993299746,GSM1489591,Muscle
39.8350287077111,-2.02310607204064,17.0349106990614,GSM1489594,Muscle
41.380035616633,1.24605323481412,19.4317260349357,GSM1489596,Muscle
39.6161421156299,-0.545063269764228,14.9495280845956,GSM1489599,Muscle
38.6839549766538,2.31132009515785,18.114591995283,GSM1489601,Muscle
38.9451460218772,0.252238727604313,16.9224565979901,GSM1489606,Muscle
41.0997180552958,-0.773244778984609,16.7592061195623,GSM1489609,Muscle
42.0047790344745,0.491881714701338,19.9286521549059,GSM1489615,Muscle
38.7954496635639,0.650603077385262,18.4559847550175,GSM1489620,Muscle
26.8009806621665,12.5432209969894,6.35105172500051,GSM1505565,Esophagus
23.8909821569205,13.3672486436451,5.25447622383602,GSM1505567,Heart
23.8294547061558,13.291309007293,5.30739690596783,GSM1505568,Heart
22.4209846280538,12.3454574061177,6.21009659866963,GSM1505571,Liver
26.9387011757288,14.7432588329182,6.13009019307085,GSM1505580,Ovary
25.6925465884653,12.3773016269801,3.71358761015125,GSM1505585,Spleen
25.5468364667047,13.3385742440667,6.97134255603254,GSM1505588,Thyroid
26.790474979872,12.5256757211953,6.36509035619206,GSM1505595,Esophagus
24.0048449403319,13.2283924182591,5.49762801355054,GSM1505596,Heart
25.5509611634516,14.2684050651881,5.59309525361756,GSM1505600,Adipose
27.1877164765563,13.5220319508083,6.96178986851784,GSM1505604,Colon
27.0683988327783,14.6428713214623,6.22038226533661,GSM1505605,Ovary
25.6797056292839,12.3573822704425,3.6742159112066,GSM1505610,Spleen
25.5324488722334,13.5087402908639,7.14019787230952,GSM1505613,Thyroid
18.2948238097948,-6.10788160028231,2.33658574078198,GSM1519622,Brain
-10.9660302221414,-5.75226426692601,-15.1176118306061,GSM1520021,WholeBlood
1.27359928304599,-19.4464025991895,-1.52856122075918,GSM1528134,Colon
16.4329740213505,-3.74906563994033,1.48699880130637,GSM1528674,Muscle
2.48389268163869,-1.60334602883596,-26.9544863861101,GSM1538069,Liver
0.152914958648746,0.534856307913436,-27.9717319262378,GSM1538070,Liver
1.53210683220359,-0.0957154421081649,-27.846262155991,GSM1538091,Liver
-2.65113015252314,-8.40021748118525,-15.5778578211046,GSM1547996,Ovary
-3.10869169184905,-8.56361335918975,-15.4614663056035,GSM1547997,Ovary
1.74161747100368,-5.1036680011575,11.7506756476475,GSM1547998,Ovary
0.528760831627242,-6.7429495417128,13.1606215610891,GSM1547999,Ovary
-0.56621728976234,-6.50941663937218,12.133548021823,GSM1548002,Ovary
-0.29286905610969,-6.02770849576838,12.3904574617536,GSM1548003,Ovary
-0.26151152470664,-6.07848207181364,12.7450421453292,GSM1548004,Ovary
-15.8166694432757,11.3447066520087,-14.0399313590608,GSM1548006,Testis
-0.554926403659206,8.33943858467001,9.42675217175712,GSM1548008,Testis
-0.940688455619432,7.75374545881612,9.21093269046824,GSM1548009,Testis
-0.073900308304351,8.53681317629671,9.51940315244964,GSM1548010,Testis
-9.59820766012221,-6.36504974592791,8.80735648651882,GSM1548054,Lung
-3.68356309796224,12.9347993128842,15.5696966040671,GSM1554465,Heart
-3.69290636954603,12.9506965164309,15.5487232667633,GSM1554466,Heart
-16.4524122447305,4.37958111779412,-19.831008816031,GSM1555731,Prostate
-6.73985906772875,-12.2960455767104,9.22839295066402,GSM1564305,Lung
-7.21016325542458,-12.1145158778569,9.44041716411715,GSM1564326,Lung
14.7557121950839,-8.1369355809318,11.7761341834184,GSM1567917,Heart
16.1618063790302,-7.01656739182042,12.3812725105491,GSM1567920,Heart
15.8957910663957,-7.19281808397688,12.5088205828376,GSM1567921,Heart
12.5608697443828,-2.25434835619902,13.3257528843423,GSM1567930,Kidney
13.6116650660896,-2.00344149584171,12.7227235580246,GSM1567937,Lung
12.8050741615354,-3.39302776742225,12.0990083123672,GSM1567939,Stomach
12.8453116605508,-2.77319135650296,12.5542987932469,GSM1567941,Stomach
12.8532100275764,-3.2998983130031,12.2357833268893,GSM1567944,Stomach
7.90953028100464,-15.1295454000301,8.53405786726628,GSM1580775,SmallIntestine
7.25864665372102,-15.5497243465472,8.24955186579479,GSM1580776,SmallIntestine
-11.9430955819831,-13.5405392128931,6.92943582268914,GSM1580777,SmallIntestine
1.04152079170342,-16.4339940241208,4.30446406777312,GSM1580779,SmallIntestine
8.27635604241,-14.8528471058252,8.79301942596101,GSM1580780,SmallIntestine
0.255172030753983,-17.3332047847716,3.5475324331554,GSM1580782,SmallIntestine
3.34729316272457,-16.2329503626734,6.81244622241334,GSM1580784,SmallIntestine
0.222396287539757,-17.5100120850999,3.32458178211759,GSM1580785,SmallIntestine
0.892782527870176,-16.4700741547031,4.14940441038562,GSM1580786,SmallIntestine
2.59532728855013,-15.7630239767896,6.30003687488478,GSM1580787,SmallIntestine
4.77916924573676,-17.1127594829852,7.63619595889403,GSM1580788,SmallIntestine
-26.8917910993559,-6.21546943656854,-2.785026820013,GSM1581011,WholeBlood
-27.3060826182067,-6.51431072506908,-2.89866151876914,GSM1581079,WholeBlood
-32.6825813573251,-8.58114115123448,-3.2253163710502,GSM1581113,WholeBlood
-26.4373674721754,-6.04042613935704,-2.75570185972967,GSM1581118,WholeBlood
-9.75652290985952,12.7504417703034,3.08130974794329,GSM1581662,Pancreas
-7.92691776695258,-4.22685239183548,-2.71424250120914,GSM1583160,Thyroid
-5.77006420940484,-4.4164061119981,-9.75993634499751,GSM1583162,Thyroid
-3.54820919815182,-7.7097679809156,-3.41423033563646,GSM1583163,Thyroid
-4.46528143416994,-6.06886806627016,-8.98729032453865,GSM1583164,Thyroid
-3.72482217081277,-6.02282048417103,-8.26981060888469,GSM1583165,Thyroid
-5.49783645569625,-7.34979100703565,-4.70972325778659,GSM1583167,Thyroid
-16.2000583290506,-0.496287324094243,-4.17343868033364,GSM1583169,Thyroid
-7.68962814744482,-3.77940489025221,-3.27549045738016,GSM1583170,Thyroid
-4.92777981822226,-8.08721623476429,-4.18571013050654,GSM1583171,Thyroid
-6.28883317296517,-4.45370645293635,-10.3379999128874,GSM1583175,Thyroid
-3.20458011927279,-4.55535504013434,-8.14312730779123,GSM1583176,Thyroid
-13.4451334101445,-16.608522009874,-23.3190630863403,GSM1599886,Adipose
-12.9426511396965,-16.4662741393085,-23.0973148977317,GSM1599891,Adipose
-13.9626399966333,-16.3766071808061,-24.1584318160536,GSM1599914,Adipose
14.1478327394784,-3.98226513068855,6.30386539720894,GSM1616916,Colon
-13.9062857476173,-13.4103542908929,3.74472048749997,GSM1616925,Colon
-12.4511483519267,-16.2482570923849,-22.8348857916889,GSM1622596,Adipose
10.5522782728417,2.40742252446252,1.84347688173405,GSM1657881,Brain
20.1025102315351,3.43568693522648,-4.33403773139914,GSM1657889,Brain
8.07574100641747,3.74760414356573,9.56049031825514,GSM1657930,Brain
16.3447110609409,13.5099540401099,-6.88340879978148,GSM1657991,Brain
5.04860653562291,-4.15338191758852,-14.3647182281441,GSM1658155,Brain
7.78993755585793,15.854354295522,-11.5656135416625,GSM1662561,Liver
9.9299931877177,14.4194864251809,-11.8521236915559,GSM1662724,Lung
9.29741941088878,14.938655992843,-11.8655837932527,GSM1662725,Lung
7.98126763441357,15.7533450149738,-11.6263216679227,GSM1662741,Lung
-7.48128372652878,13.0934079464998,17.0482336546784,GSM1666034,Vagina
-7.87134097285382,13.4278146762062,17.686921223426,GSM1666035,Vagina
-6.90072587204315,13.7729758334962,16.3114706227711,GSM1666036,Vagina
-7.80724406681972,14.014659885768,17.1471473211594,GSM1666037,Vagina
-7.71234404717274,13.8166229981208,16.8058848275469,GSM1666040,Vagina
-8.98904022912473,13.7695223652325,16.6298930537759,GSM1666041,Vagina
-8.33694540793835,-8.85090299046662,-13.1200812664818,GSM1681894,Lung
5.717795515336,1.16527524841928,-9.39615527808676,GSM1681897,Lung
-13.8664107379779,12.3477328711428,-9.12663804310245,GSM1682269,Kidney
17.3543355629656,13.8218878638296,-7.50886525708859,GSM1683317,Lung
5.78377925475245,1.6580717729422,-9.13810260824562,GSM1695199,Kidney
8.74572645737634,-7.99921875139317,27.0377845003841,GSM1695907,Heart
9.54439868533526,-8.13695286922079,25.2719702540372,GSM1695908,Heart
1.93707442676205,0.767056121686712,-27.1269444774184,GSM1695909,Liver
-4.63269093558295,3.99556042510526,6.74841914481594,GSM1695911,Testis
0.415403268888985,-4.35492906792987,12.3311270128836,GSM1695912,Testis
12.3259441439158,9.41874925703114,-7.91752755579988,GSM1695913,Testis
1.87349532689515,8.16109281303891,-7.49319533054546,GSM1702590,Lung
2.29055327674491,8.28387040847322,-7.39536399146266,GSM1702626,Lung
3.46297757764294,8.70154034231141,-6.95037954810807,GSM1702635,Lung
-33.2059368769829,-10.9313248577233,-2.70963184264897,GSM1703029,Colon
-15.727773388363,-15.1875772706216,-0.172214975916701,GSM1707677,Stomach
-13.8591747273737,3.41696846071482,-15.8371417108025,GSM1712142,Prostate
5.26984928841555,5.19895638623685,8.74142657391813,GSM1722953,Prostate
-2.08131158973249,-1.03513600120069,-7.65420814788069,GSM1726301,Prostate
2.94812854102753,-14.9672784461705,-17.0207031903317,GSM1726307,Prostate
2.94658211131177,-14.9600043099873,-17.0232724143071,GSM1726311,Prostate
-0.634649510271609,-2.60117729489867,-22.8521400485376,GSM1807982,Liver
0.269149055104968,-2.96578484140226,-24.7960192532274,GSM1807985,Liver
0.830376249047337,-2.78402032619478,-25.7118179317718,GSM1807992,Liver
-8.75045621621791,-15.2791014424918,-1.30827031099566,GSM1807998,Kidney
-8.94029157345203,-10.7079274958596,-17.8956999045837,GSM1808000,Kidney
13.1711084579142,-8.04975824790192,27.1852411362307,GSM1808017,Heart
12.1297154356056,-9.04130934722076,26.5159733488454,GSM1808019,Heart
14.4324151406962,-9.75631645577993,27.971679017783,GSM1808022,Heart
15.0402330286519,-10.7896165241729,27.0510439537172,GSM1808026,Heart
13.2106876687368,-8.65153661898946,27.5288003866406,GSM1808027,Heart
11.9647124273418,-9.72767154919331,27.5264266304317,GSM1808033,Heart
13.7831254673624,-8.87484705569758,28.9863695725737,GSM1808034,Heart
12.3892671204692,-9.54788794004349,28.1816274269533,GSM1808035,Heart
13.9859963166684,-8.13376231839167,26.7249497375611,GSM1808038,Heart
13.2772922235071,-9.01377862108183,26.9397412614631,GSM1808040,Heart
14.1520103752277,-9.14375230305467,27.1642266309974,GSM1808041,Heart
-15.5551508869599,-11.403247994051,-22.7027858691564,GSM1808061,Adipose
-15.3289074715846,-11.3929722987282,-22.4584026188856,GSM1808063,Adipose
-9.47900957662301,-1.9115873924228,2.47997661101827,GSM1811426,Kidney
8.65298710784227,-8.21151102616286,28.0049694329189,GSM1841251,Heart
-10.1485914389204,2.44472879260129,-2.95880341014997,GSM1841261,Heart
-9.99620906107806,2.67905772819714,-3.2272458787445,GSM1841263,Heart
9.22664236559661,-8.97915280797431,27.2572568079715,GSM1841266,Heart
8.34433175405762,-8.44008551101345,26.5274581995783,GSM1841270,Heart
9.51168936575717,-8.32663948237306,26.3804428300355,GSM1841273,Heart
16.7909667344009,-6.42878694885905,12.0569331701544,GSM1845861,Prostate
-11.7721336787154,-9.49398795905388,5.46262338705477,GSM1872102,Pancreas
-15.8511717613612,-9.39382719531629,-2.88474336470526,GSM1872912,Colon
-14.7265794297845,-13.2663316739689,-2.18138004030207,GSM1872931,Colon
-13.289364165509,-11.9654992235787,-2.29169105153357,GSM1872966,Colon
-13.7648517113637,-11.6454463361603,-2.50100100755457,GSM1872971,Colon
-14.0070084717448,-12.5468634557163,-2.2970883884463,GSM1872974,Colon
-14.449632426804,-10.9747181623525,-2.94599659154933,GSM1872976,Colon
14.1436778846167,-2.83161049065262,5.72738008344787,GSM1872987,Colon
-14.0927152828434,3.0269602567018,-16.3308184311763,GSM1873352,Prostate
-3.18293977405583,-18.6219910656971,-3.19464738292369,GSM1884735,Adipose
-2.33874870341711,-18.5637578687374,-3.25788148631351,GSM1884757,Adipose
-11.5874205449276,-12.9961988928327,8.01078154116124,GSM1906852,Colon
-16.5979025939895,-12.4919572368689,-2.23320390508378,GSM1919378,Colon
-16.11234039217,-11.947415722654,-3.50455496398382,GSM1919382,Colon
-19.3085370088629,5.46633349461956,-0.582231954179185,GSM1919393,Colon
14.8717893203711,-2.8693361546785,8.60873733123401,GSM1920794,WholeBlood
-4.69366049200605,8.78744176170849,-0.97477350931816,GSM1920902,Kidney
-4.76811275105228,9.02252617856493,-1.18584799411102,GSM1920903,Kidney
4.20506413336731,-2.95858975731974,17.5238062151958,GSM1937108,Testis
4.24292530512663,-2.95989471700149,17.4376480344402,GSM1937109,Testis
-24.7423315461938,-8.57719960104319,-1.61813851215067,GSM1940669,WholeBlood
-2.82946810917385,-11.0426418971947,-15.5545140976907,GSM1955400,Lung
-8.89911833516154,0.246220025939147,-13.6174085042624,GSM1957015,Lung
-1.19805422391029,-18.9439208476816,-4.16600301189401,GSM1973958,Adipose
-14.2474489053117,-17.5961321686705,-26.5829298398226,GSM1986839,Adipose
-16.0771030522628,-16.6866729411996,-23.5587678736211,GSM1986845,Adipose
-14.8231795266062,-17.6528145856011,-27.2129295348603,GSM1986847,Adipose
-20.0009452220989,-15.4522929984914,-25.372842742472,GSM1986849,Adipose
-15.7701863381094,-12.9719188333084,-1.74311799882578,GSM2042068,Colon
-16.0036345114216,-8.20678085097468,-3.3764767162039,GSM2042097,Colon
-16.0446017847954,-9.29999456603528,-2.93121559544876,GSM2042121,Colon
-16.0374192041164,-4.32428006409999,-4.69230632880183,GSM2042122,Colon
-16.8728564078707,-10.2046776731439,-3.47439729678908,GSM2042128,Colon
13.2743479267804,-11.3265935054657,27.1988607330841,GSM2055781,Heart
16.3140276878534,0.748124217984925,1.55966280016378,GSM2055783,Lung
19.0391076341301,-0.517443013408591,0.0710563889645086,GSM2055804,Prostate
-13.235325728824,3.04171287664109,-15.5816482730699,GSM2060180,Prostate
-18.1809436834545,9.66935006463123,-10.3436664680063,GSM2069655,Prostate
21.0245071322424,0.275400488496827,6.96530071458944,GSM2071272,Heart
21.6045053431358,-0.131111179505969,6.56185669264524,GSM2071273,Heart
20.4112462754363,-1.3576584651158,7.42511472031585,GSM2071283,Muscle
21.4456547354057,-0.722036682543493,7.59812289854799,GSM2071284,Muscle
18.5445251860628,0.204021218013674,6.69763668930369,GSM2071291,Thyroid
21.8521449116259,-0.373380597229745,6.4679957818929,GSM2071292,Thyroid
18.9748692525892,-2.55086336695088,8.09797704768244,GSM2071295,Uterus
20.9499048136146,-0.646426560776098,7.31109687315184,GSM2071296,Uterus
9.23798178350433,-5.25462940473033,10.6241633958656,GSM2072382,Heart
9.2537652945558,-5.40295699438768,10.7096687366891,GSM2072383,Heart
14.8972399066853,-9.81169071056761,10.3208186398568,GSM2072394,Muscle
13.6644085192086,-11.4075722629915,10.2428972049683,GSM2072395,Muscle
9.59412068108167,-5.81698750196013,12.8132987690373,GSM2072400,Stomach
15.0133585897874,-9.73573286927968,10.3971466829318,GSM2072404,Thyroid
9.40755813619263,-6.01541445627748,13.2701610829953,GSM2072410,Uterus
9.42386218780404,-6.03325256318255,13.2625671432708,GSM2072411,Uterus
-0.00404329972484889,-16.8749945378838,-3.68487416693108,GSM2072468,Muscle
0.426367842639952,-16.8178305681186,-4.15366612528175,GSM2072469,Muscle
9.15425961147279,-14.1917933299766,9.5021643217638,GSM2072544,Muscle
18.475210542995,-7.16095576495367,7.41719594428917,GSM2094768,Thyroid
-7.99231932891268,-17.4348209118742,-0.195955771228226,GSM2094769,Thyroid
2.86877067551764,-16.2245765248294,4.2249173662158,GSM2094770,Thyroid
19.8457777995105,-22.0401512949691,2.26112649452885,GSM2094771,Thyroid
9.71420002353457,-10.8352540109483,7.83993357993875,GSM2094772,Thyroid
11.4580578709098,-12.8208389159548,11.3399541536538,GSM2094775,Thyroid
18.8511773894612,-21.5881149023083,4.21343628455745,GSM2094779,Thyroid
18.6129545200974,-21.4010786415311,4.55929672657294,GSM2094780,Thyroid
18.0145718212059,-21.5542434509023,4.58486886273703,GSM2094781,Thyroid
18.9793489217795,-21.6508679545436,3.88003067325624,GSM2094785,Thyroid
17.840916635857,-21.8509309442981,3.98851983454987,GSM2094786,Thyroid
19.966415378566,-21.3753493230061,3.92690524034806,GSM2094787,Thyroid
20.2900039624919,-21.4795018461867,3.29496833243057,GSM2094788,Thyroid
19.7317150300113,-22.0285031838335,2.34600133864529,GSM2094789,Thyroid
9.50304026955806,-11.0520376189963,7.92201821786968,GSM2094791,Thyroid
11.9086085432273,-2.63681323981908,3.45511558938048,GSM2094792,Thyroid
12.4948452170281,-2.19566733125999,3.75783095832878,GSM2094794,Thyroid
-2.09812624557837,-8.06975635257134,-15.7236436118986,GSM2098157,Heart
-2.89315314253826,-11.066839678233,6.7021081057379,GSM2098476,FallopianTube
-2.9097385721201,-11.0664146614768,6.73184137228848,GSM2098477,FallopianTube
-26.1495011201272,-0.217971536295371,-0.430875370669549,GSM2109412,WholeBlood
-25.5118256354239,-5.40191296046389,-2.14270431433142,GSM2109440,WholeBlood
3.03545108334894,-2.24984555491863,-27.4377964676292,GSM2113305,Liver
-5.7876914180461,-8.6333307600899,-12.698795368998,GSM2113307,Uterus
-1.72980888422174,-6.07813692320553,2.62164860042904,GSM2113415,Lung
-4.26126505520994,-13.7538690603418,-3.66631465232213,GSM2125378,Lung
2.07016904321141,-19.6507782634861,-2.02234670445229,GSM2132129,Kidney
2.8596108856763,-20.0903136627636,-2.74310660454604,GSM2132131,Kidney
2.36216740553999,-19.8778548051455,-2.40570098110618,GSM2132132,Kidney
6.08958126516354,-6.00021119919594,13.9218365246486,GSM2136978,Pancreas
6.71748191380532,-5.98750462672608,13.5978002931095,GSM2136983,Pancreas
3.73982654242451,8.36159419224055,3.79889175416262,GSM2136984,Pancreas
-1.97377832667467,7.79649957733356,11.0105175099897,GSM2142335,Liver
2.57926402609938,-20.2154457381558,-4.45079296751049,GSM2143621,Thyroid
0.460738617802254,-20.3823827103395,-0.912786267700395,GSM2143624,Thyroid
-24.2841372440908,-3.11123114855892,0.837034500623042,GSM2147687,WholeBlood
1.40200126169956,-1.66001636713869,-30.0444190187352,GSM2157100,Liver
0.822956657810392,-0.963298934938196,-29.091680015854,GSM2157102,Liver
5.70560297236299,-6.00687392687254,-2.49318889861454,GSM2170856,Liver
13.1726775566249,7.55907080866225,-4.4800131496557,GSM2170877,Liver
11.4068078738493,6.6716872246774,10.7713216517433,GSM2170881,Liver
9.52060212065798,-8.52579684572683,-9.25171317938817,GSM2170897,Liver
9.62868350265109,-8.23002904013258,-9.30923790695701,GSM2170900,Liver
8.42698298762833,5.14322699693098,1.12966049869804,GSM2170906,Liver
-1.80406284941585,-2.4013837830841,3.39058916574938,GSM2170932,Liver
5.36402963876021,-7.42967534061056,-11.2650521249235,GSM2170934,Liver
6.03780382606124,-6.77568873797217,-11.0047247807157,GSM2170963,Liver
-9.49505761071983,-6.29991949961563,8.91313823293696,GSM2171009,Liver
-3.6003782803763,1.72552758635466,8.65083671305697,GSM2171024,Liver
-14.835041108072,3.9958070113794,-16.35405927331,GSM2175589,Prostate
-8.39540212464178,-16.1147811311301,-11.0587894839344,GSM2183051,Prostate
-8.36091866011027,-16.0805849284074,-11.050435253653,GSM2183059,Prostate
-14.1842034961126,4.26266133071893,-15.1205368884485,GSM2186482,Prostate
-12.5082463671197,2.25674033699629,-15.1799843359023,GSM2186486,Prostate
-12.8266391498057,2.53918672438484,-15.3825903946845,GSM2186488,Prostate
-15.2098032891534,11.8253260365243,-10.2114484610894,GSM2186957,Kidney
-14.651626377833,12.081323672395,-9.8486071125809,GSM2186963,Kidney
-7.11259066151656,4.82039756733352,3.00323652325204,GSM2194224,Pancreas
2.20824102177736,6.7267977095298,9.77334100988296,GSM2194255,Pancreas
17.0438768793378,8.00320661742272,-2.62305412593325,GSM2194259,Pancreas
10.3360830614768,8.66025541846919,5.5813061073381,GSM2194274,Pancreas
5.77708143836705,7.92282085781976,4.95118020128641,GSM2194275,Pancreas
6.99131917078065,11.8289781687323,5.6992898227579,GSM2194277,Pancreas
3.34384723552054,8.3431350681718,2.76290707645875,GSM2194303,Pancreas
6.83824937821936,8.06316499593747,7.56942887798981,GSM2194316,Pancreas
10.8256002964402,3.28874381098495,2.23115559625385,GSM2194328,Pancreas
7.99734001346689,10.9638198465451,9.75654881816598,GSM2194336,Pancreas
12.2548240619099,4.64068841344092,5.02869270093489,GSM2194345,Pancreas
15.6409602737103,8.76449687167788,4.93759185909127,GSM2194348,Pancreas
15.4046746295333,3.02233979870169,2.53408045284444,GSM2194352,Pancreas
6.59790059910189,8.83617001956199,-4.41811501066972,GSM2194377,Pancreas
0.0919307761921097,2.24408425614573,11.0375628297875,GSM2194404,Pancreas
16.3870420218939,-0.342100198719282,-7.90488521541279,GSM2194418,Pancreas
0.143215288910688,-6.18699798179415,13.887026118934,GSM2194420,Pancreas
11.9812532932473,6.11414818153398,-11.5692256313721,GSM2194460,Pancreas
6.12530126233692,8.16418773025377,5.05676044612224,GSM2194487,Pancreas
5.28773924208707,-7.17122655934827,8.6792260997827,GSM2194488,Pancreas
13.4641032642386,12.7960123701564,-0.890319484815393,GSM2194493,Pancreas
-6.61478942961645,16.6101322454725,11.8446118752469,GSM2194500,Pancreas
16.1371184103938,9.018328963089,5.5525240076265,GSM2194520,Pancreas
14.4136035523445,-3.90650626367659,1.69486229119864,GSM2194539,Pancreas
12.2027749197419,5.16521147640602,5.59613304227583,GSM2194549,Pancreas
5.58544393408258,5.26157467970773,8.62213380549233,GSM2194554,Pancreas
1.77272276223609,1.93821253437778,10.7313898207332,GSM2194563,Pancreas
8.57452948582665,5.79033585853527,2.13501913102355,GSM2194572,Pancreas
13.9253089349517,12.7980783360533,-1.69583426737992,GSM2194584,Pancreas
3.27563634775375,10.8081869249578,5.22186174601695,GSM2194591,Pancreas
1.45404232803386,1.97456551567177,10.694694753006,GSM2194595,Pancreas
-0.699322225168441,2.47515521114454,11.2203744021539,GSM2194601,Pancreas
9.83876430323941,2.02948810221996,1.30876548464195,GSM2194605,Pancreas
7.95250881592731,2.88595135355598,7.34393531670011,GSM2194625,Pancreas
1.77113677598709,4.87097666792224,5.33700547597806,GSM2194652,Pancreas
7.22970167250288,8.37430052253642,4.73990067646364,GSM2194661,Pancreas
8.23694686257834,-10.1223405502614,-0.42016359269735,GSM2194694,Pancreas
11.1199408518566,2.10636327745415,6.11856210643536,GSM2194714,Pancreas
-0.715697691043119,-14.4974383337767,2.70218378460844,GSM2194715,Pancreas
7.6405904621455,2.35650385321711,8.69735779602033,GSM2194719,Pancreas
4.33050600019301,-6.96803962912369,-0.23057242816358,GSM2194738,Pancreas
8.75545305125077,-7.62600143167676,-1.4332731842874,GSM2194739,Pancreas
-2.17652547301398,-0.0776641593240496,-1.63003090233889,GSM2194753,Pancreas
14.1893725871416,2.53081594814488,9.29862010164004,GSM2194760,Pancreas
8.52135142433418,-9.10054689611377,-0.592278389771148,GSM2194792,Pancreas
10.0828522571501,-9.761763321816,6.65451870433441,GSM2194796,Pancreas
17.6553868919234,-0.627918788967607,-3.16832804304544,GSM2194802,Pancreas
8.55421013306799,2.99529074931234,6.6922241520622,GSM2194804,Pancreas
7.85083130184645,2.8016122314481,9.03274806918102,GSM2194811,Pancreas
2.9761436092468,-0.312845778491646,-28.4898072028788,GSM2199517,Liver
2.71987108141869,-0.212327293493525,-28.8383166992784,GSM2199518,Liver
-6.30826137811382,-10.1139259679373,-14.2405416685469,GSM2204371,Lung
-3.4936675497149,4.62190238927545,6.13827216565178,GSM2204752,Lung
5.94790005323928,0.325924174001157,2.19072691299,GSM2204764,Lung
-3.37601034679583,1.40985029657497,27.503004604261,GSM2205843,Thyroid
-2.29216467081544,-0.0488313615991436,28.7199879300206,GSM2205844,Thyroid
-2.5516007907704,1.5181939648218,27.0233643841053,GSM2205845,Thyroid
-0.326984007589369,0.380582275264646,29.1589213757914,GSM2205846,Thyroid
-0.8216834459137,1.80000185395876,27.4833517950035,GSM2205849,Thyroid
-0.977947311971126,1.40919847976638,27.7714227335382,GSM2205850,Thyroid
-3.51631266918111,1.27569427860698,26.4365818016419,GSM2205851,Thyroid
-0.520283472551997,0.261347726955484,29.0684250032782,GSM2205852,Thyroid
-2.18105693417564,1.631532477172,26.3733809998437,GSM2205853,Thyroid
-2.08225687413053,-0.536247576127204,28.4383918266432,GSM2205858,Thyroid
-2.97837615928352,0.937338277984734,26.2417115941785,GSM2205859,Thyroid
-3.41173992121072,1.50131975129992,26.0313063112365,GSM2205861,Thyroid
-2.19230626848404,-0.968615273945938,29.0224088585464,GSM2205862,Thyroid
-2.41276863267581,-0.0781153544286361,27.0328207302709,GSM2205863,Thyroid
-3.28561229992964,-0.294694150474096,29.0542097343774,GSM2205864,Thyroid
-3.3884751551304,0.34389213493241,27.0792303943213,GSM2205865,Thyroid
-1.6842307695139,-0.170831552220725,28.2027094483928,GSM2205866,Thyroid
-6.57032121949412,-3.42367333499917,-6.94523148175764,GSM2209644,Thyroid
-5.77914538346098,-4.50425466504151,-6.78904844835279,GSM2209645,Thyroid
-7.72895579527829,-3.88254139555706,-3.56435382061079,GSM2209646,Thyroid
-6.61945216772561,-3.41920080218595,-6.90688786333775,GSM2209648,Thyroid
-3.19069672023667,-0.299308107731516,-6.4505580413185,GSM2212693,Colon
-14.5952394756651,-4.99581222800239,-5.80496008660248,GSM2212700,Colon
-16.4917087956257,-4.73005213787161,-4.10479528204706,GSM2212716,Colon
-15.2376532885387,-4.60173804940279,-5.16509570593085,GSM2212729,Colon
16.6149726056993,2.09764895375358,-0.336513987491873,GSM2214004,Lung
2.2425995201264,0.555438334394084,-28.2626587505837,GSM2224925,Liver
-15.7916605368636,-2.7753357580346,-3.18892924149632,GSM2225749,Pancreas
-3.32509669886288,-14.0084853179872,-1.47612387167596,GSM2225751,Pancreas
-5.34306120707902,-10.3867198763361,-3.54559083403353,GSM2225754,Pancreas
-2.97569872043386,-14.047810415934,-1.51998481418504,GSM2225797,Pancreas
-31.5742890695741,-5.3928872432321,-1.44980833432401,GSM2226842,WholeBlood
-10.473183288416,4.86976772510953,-13.9165619523642,GSM2229919,Brain
2.07494678944179,-1.2911653526564,-29.4686393332173,GSM2232190,Liver
2.03161018738607,-2.45208226928892,-29.5943960205548,GSM2232196,Liver
4.1349136755751,0.232649972451927,-28.1300035649964,GSM2232199,Liver
2.65703082959819,6.78208924327827,-13.7001245317853,GSM2243512,Brain
11.23116341545,-0.404340741919282,-11.4037283247154,GSM2243638,Brain
5.5089617198486,-5.30999706244781,-3.18652313833018,GSM2243641,Brain
3.59931900066479,13.1282943453093,-9.81768798093732,GSM2243650,Brain
3.6225653238905,-2.50334971642014,-11.7197672732943,GSM2243680,Brain
13.6010927110942,1.80282452067324,-10.4822539429955,GSM2243720,Brain
-23.2312125165567,-7.09006492165555,-7.09641635232985,GSM2243775,Brain
11.9298863534342,0.49790585367333,-11.6932372080457,GSM2243795,Brain
14.1037446293411,-0.325108003532337,-8.0081540106603,GSM2243964,Brain
14.327915160961,4.32309822874504,-7.42736291234625,GSM2244091,Brain
12.8977839645515,5.87267403125525,-6.034436357791,GSM2244098,Brain
2.62014608623952,11.5673117887464,-8.29036168014027,GSM2244114,Brain
5.65664036215338,-5.53231445104436,-3.27762550410667,GSM2244260,Brain
5.78125938644997,-5.28486348797993,-4.23540721942671,GSM2244368,Brain
4.70511409024494,-3.84976352768934,-2.55673229190528,GSM2244377,Brain
11.8208382409154,4.19435681745121,-12.7945067902246,GSM2244436,Brain
13.9739463623486,-0.349075772771303,-7.62941079645043,GSM2244506,Brain
12.0356797295086,3.64248522884837,-12.5539701913661,GSM2244613,Brain
12.8686191604855,15.8949213438315,-5.33809690134388,GSM2244795,Brain
3.88760860539653,-2.49478457136591,-11.7707598778683,GSM2245137,Brain
2.61915950610972,12.9186614233661,-7.83028852812706,GSM2245211,Brain
11.3118183524041,-1.12351762757359,-9.9093640702391,GSM2245306,Brain
12.1431777861552,5.40573641403404,-11.8046362594266,GSM2245369,Brain
-1.2133366795019,-8.14657077112563,-13.9628622834225,GSM2245393,Brain
4.10760418203563,-4.58870613616086,-13.2786390833519,GSM2245467,Brain
7.35342561481382,-1.03687428339931,-10.7610715646591,GSM2245546,Brain
14.9478710936092,1.21234071495177,-6.17834396460118,GSM2245689,Brain
8.47003475446509,-1.20226609554514,-9.65682384324282,GSM2245799,Brain
7.09791824815188,-0.398859794393474,-10.9057831422778,GSM2245806,Brain
14.993586269446,-0.038104189280396,-7.89245275140248,GSM2245832,Brain
14.8243819806909,0.826980875073704,-6.08232412211635,GSM2245861,Brain
2.46555057373852,0.574621897115005,-8.8233484415914,GSM2245878,Brain
13.0713541935692,6.5635804684484,-5.40895337823286,GSM2245891,Brain
13.9092543595756,1.74593362392971,-10.0170947563112,GSM2245934,Brain
10.4310711433834,-2.12954415706923,-10.1816810911871,GSM2246041,Brain
-7.40419126600704,-17.4508855965954,1.32871147269605,GSM2246057,Brain
8.88361898426067,11.2921015522131,-2.27281326640448,GSM2246131,Brain
11.5314181281624,7.16088443829845,10.2712732711469,GSM2246156,Brain
10.8762724542568,8.82994055283894,-0.78448260845259,GSM2246227,Brain
11.8641019779849,-14.3850005537023,10.119314331937,GSM2246259,Brain
12.7914827606763,9.17802893071359,-7.90988997132971,GSM2246739,Brain
-24.48559295058,-6.39554924565173,-7.51306233831432,GSM2246741,Brain
12.2365901044297,0.906355174489228,-11.5750894793544,GSM2247016,Brain
18.0739225957485,6.35661700549996,-5.27377109632843,GSM2247024,Brain
8.49437858194027,8.57241408761986,-12.9300173247305,GSM2262792,Pancreas
8.49828280095639,8.56369235700502,-12.9336794147618,GSM2262794,Pancreas
-4.64306032737375,-12.062778090759,3.27828464382247,GSM2263579,Nerve
-4.60557927390037,-11.8543694571877,3.85780851116891,GSM2263580,Nerve
-4.06608202698944,-10.9305816276029,4.53518504452965,GSM2263581,Nerve
-4.50213524632408,-11.7499547836347,3.87745657583334,GSM2263584,Nerve
-1.75709960163417,-9.97358291490611,6.44813595248891,GSM2264342,Prostate
-4.83352394048476,-12.2787011728193,5.31415431788345,GSM2264344,Prostate
4.15172401484535,8.72699999402352,1.0910330547512,GSM2268379,Brain
17.7723076027031,6.22256433648626,-10.0260418133897,GSM2268480,Brain
-0.152078662459535,13.6568930023078,-1.66203111388985,GSM2268499,Brain
16.6001546067917,11.3605818170536,0.265268790513832,GSM2268657,Brain
13.3997147035145,-5.31662263140881,-2.04983294580872,GSM2269289,Brain
16.5595143099692,12.1922154191474,0.537179204443512,GSM2269389,Brain
-5.43102167294246,-0.917390022192043,-10.2106996175084,GSM2269398,Brain
-14.619596639524,17.2991268938913,9.35911713250646,GSM2269452,Brain
19.4579797792035,8.06424223877432,-5.99571126410545,GSM2269865,Brain
6.67593252219323,12.6753528842621,-1.34688247055495,GSM2269876,Brain
1.09126241422253,15.478588937937,-7.14053843409202,GSM2269890,Brain
2.0341260372792,15.8700877129376,8.26436751661609,GSM2269902,Brain
12.7361298191499,16.0904867103037,-5.34816906348109,GSM2270221,Brain
-2.46439782366096,4.1455208380509,-6.54729472537787,GSM2270251,Brain
4.35814094007404,3.05946411490749,-10.464865777432,GSM2270282,Brain
10.332076971258,9.52411057293485,-9.59964689182545,GSM2270312,Brain
-7.39285447354731,-2.05296492872623,-3.09462009200449,GSM2270373,Brain
-0.496768896629177,18.3257408560363,-6.11002881989647,GSM2270380,Brain
-17.4010135769902,3.69033023822832,-20.1608578298305,GSM2270490,Brain
-2.46765744674845,4.29776643681239,-6.51031477894186,GSM2270681,Brain
-3.24387757526867,16.5837308105148,-6.80381776214963,GSM2271941,Brain
-26.5728987905216,-8.93841847958844,-1.99401564169725,GSM2275140,WholeBlood
-26.133624650443,-8.57054844907695,-1.77473514261383,GSM2275154,WholeBlood
-11.7984382602377,-10.5229992482938,3.99354125784378,GSM2288687,Kidney
-8.51999933692885,-3.82386864617287,4.21755279843117,GSM2306950,Lung
-8.52630399561133,-4.00164039687769,5.00472643180163,GSM2306954,Lung
-9.04059495659214,-3.71067234863448,3.43042966540754,GSM2306959,Lung
-7.20823430852715,-3.57575028350145,4.6242696131205,GSM2306966,Lung
-5.0287023641909,-7.74514930253359,5.1863009466218,GSM2306970,Lung
6.12446641966022,9.82908617587591,-6.76991701311216,GSM2306982,Lung
6.86553490226351,9.07312233968647,-4.51245233876778,GSM2306983,Lung
-7.72641940763291,-4.92749985281518,4.32783746278813,GSM2306986,Lung
-4.21071477029039,0.147695409061744,3.38650025864036,GSM2307000,Lung
-5.49292065459865,-2.83322945360346,4.42688989764887,GSM2307008,Lung
-0.812678571527324,-1.93430016237087,19.832719229099,GSM2307015,Lung
-9.15682612717702,-3.44530643664784,2.84577833019354,GSM2307058,Lung
13.635408889785,13.4713219795301,-3.16381560957797,GSM2307059,Lung
4.02746330854311,14.5800281943179,-8.3760896676925,GSM2307091,Lung
-2.57789019977159,-2.99030899993353,6.89460037794603,GSM2307106,Lung
2.70466603441127,-0.810998961163711,8.18161159964602,GSM2307126,Lung
-9.65959359392524,-4.13760054890321,4.32998747135706,GSM2307136,Lung
6.19756720021281,9.89013310641975,-6.90460347814074,GSM2307185,Lung
-5.48834492469293,-2.67950075295852,4.46822054600878,GSM2307194,Lung
4.16608753451175,0.408683928090464,5.3079389475104,GSM2307215,Lung
4.21828210151072,8.74647864727706,-5.55520541217023,GSM2307216,Lung
4.86226142666778,7.01932650404818,4.45852003113662,GSM2307323,Lung
-5.87668340496552,3.10354039779413,3.58866861387022,GSM2307390,Lung
2.67225214442724,-4.84481055615913,11.3252143006133,GSM2307399,Lung
-1.41078882364401,-17.4635808736157,4.48919221659561,GSM2307411,Lung
-2.28222925407578,-0.360473074764258,0.0760707182745177,GSM2307448,Lung
-3.7965573424263,0.283468075221962,3.16065556142002,GSM2307470,Lung
16.6144104032597,-10.5493398884029,20.9534076454341,GSM2309535,Heart
16.805537982807,-10.4352135315921,21.2139264509219,GSM2309536,Heart
16.0679594855739,-8.51342323447948,25.3532264603552,GSM2309537,Heart
16.6601550308932,-10.2522889179065,22.2661043904388,GSM2309539,Heart
16.4496679947218,-10.4832244970521,23.7759247178581,GSM2309541,Heart
16.2061578833408,-8.5554647358155,24.503670981288,GSM2309543,Heart
16.0154113006687,-8.49577769271369,25.4916107929235,GSM2309546,Heart
-16.0006847470359,-15.3307457183576,-25.0381170282876,GSM2311134,Adipose
-18.2318983356975,-15.9683744997186,-25.8088669818349,GSM2311141,Adipose
-18.7582485272415,-16.1473488254171,-25.7968908901718,GSM2311142,Adipose
3.54498122060792,-7.54695986747063,-12.6858852871801,GSM2325676,WholeBlood
-8.34073195752995,-9.52759855930957,10.21204802568,GSM2327639,Thyroid
-8.10571021843171,-9.74905189717327,10.7179133559917,GSM2327640,Thyroid
-8.10663768170677,-9.76173544099583,10.7131499929303,GSM2327641,Thyroid
-9.90588781166984,-9.29927118568767,-16.2549944193755,GSM2328331,Lung
-7.59496605688135,-13.8901309032404,0.081596993825468,GSM2328342,Lung
-8.03525188030099,-13.4957272718156,-0.0490886260400266,GSM2328348,Lung
-16.9573901233381,-16.7333566532433,-26.7130312122898,GSM2331220,Adipose
-16.2497507363318,-17.1093486546418,-23.9266320350706,GSM2331224,Adipose
-16.8977073014412,-16.0209582543865,-24.4700143831262,GSM2331225,Adipose
-17.0967102010388,-15.4733511662541,-24.7381072386267,GSM2331235,Adipose
6.56567682755542,-4.04217026391815,6.13652372289849,GSM2333460,Prostate
19.1581954419439,2.70493326468645,-2.47485696225496,GSM2343080,Stomach
-4.3053592651805,-2.12253299528417,25.9578027106114,GSM2343107,Thyroid
-3.99712716063842,-2.48879893673016,25.9988399857665,GSM2343108,Thyroid
17.5472557706723,-5.05523080269506,4.13001795914285,GSM2343109,Ovary
0.49341107924089,-2.19808882257253,21.1548144828104,GSM2343115,Testis
17.8158172285142,-7.26709683250148,6.21486136581854,GSM2343138,Ovary
-0.446607654166267,-3.7183945845353,21.3280775302376,GSM2343179,Uterus
12.5565634917946,-12.9013574727505,16.3253300985093,GSM2343213,Esophagus
12.4380883435987,-14.693491852432,-7.80631743892548,GSM2343230,Spleen
10.8534803045547,-12.8690011770354,12.9755264428206,GSM2343241,Uterus
11.7199216119438,-13.2522423922245,14.6750235382034,GSM2343283,Vagina
12.5994870590393,-12.8423491737235,16.2911038359254,GSM2343350,Esophagus
12.9020335532386,-14.7050919339694,-6.60033704138246,GSM2343387,Spleen
21.9277706768312,4.20521552192835,0.472600789097468,GSM2343393,Nerve
18.58896402845,10.9848271671558,-1.45081865304314,GSM2343451,Testis
18.829182912232,3.82578754761495,-2.32330416391309,GSM2343458,Esophagus
-2.83936584893452,-0.869701504988223,25.4502673704916,GSM2343466,Thyroid
17.6994768010482,1.27887359787715,6.3369767990372,GSM2343488,Esophagus
11.4356736898949,-14.5635722575863,16.2826027432405,GSM2343503,Nerve
19.9049428577252,3.29685979060033,-3.23886010418769,GSM2343518,Esophagus
17.4449129023436,-2.46352805227322,4.71053109676785,GSM2343541,Spleen
12.4105358928323,-14.6765288339289,-7.82363173160879,GSM2343570,Spleen
0.33521170197582,-2.27879746901381,21.1346993785759,GSM2343589,Testis
11.0876388024807,-10.8548389951044,12.9175944136785,GSM2343602,Esophagus
21.0219703686826,4.86025228999312,0.797151556028896,GSM2343608,Thyroid
15.5217091252402,-9.80771910221919,26.7188844323809,GSM2343662,Heart
18.4018806245776,4.64567457997051,-2.24605024260407,GSM2343684,Stomach
8.74425623150232,-11.9312506420546,8.7067897311324,GSM2343737,Stomach
8.58480011415615,-12.4046092256748,-0.280751275336262,GSM2343741,Esophagus
8.61550350324742,-12.5187241914942,-0.292224560581152,GSM2343785,Esophagus
-3.2926262078729,-3.04649643842213,26.0202425574257,GSM2343816,Thyroid
-3.43086411036182,-3.15085073705558,26.0228112562133,GSM2343817,Thyroid
20.6544144566825,5.05331623725071,0.796898654343394,GSM2343868,Stomach
15.2597953625917,-2.42550413545182,7.21252197415728,GSM2343886,Spleen
17.336406101227,-2.60507123067282,4.72725760743074,GSM2343888,Spleen
14.6490330832033,-11.9336502651915,17.3008569409207,GSM2343934,Esophagus
18.4868512435372,10.9747769885097,-1.35508356761151,GSM2343943,Testis
11.4373410322172,-14.6687351305889,16.5103378887928,GSM2343978,Nerve
-3.14535879139099,-1.24988717320208,26.2415769865827,GSM2344026,Thyroid
18.0366017327202,0.514287961978001,6.57449310715254,GSM2344141,Esophagus
11.530922353311,-15.1926259636199,16.8038140641244,GSM2344168,Nerve
16.3119104265358,-7.59036179887903,6.6575518176267,GSM2344189,Vagina
18.1079758469435,-7.71079599457502,5.7326876264709,GSM2344226,Ovary
8.46858063372713,-2.29629729633332,6.73234834588747,GSM2344250,Stomach
11.7566418869041,-15.0514036700459,17.0963249214373,GSM2344259,Nerve
21.6857783657174,4.4054794774646,0.666581344939277,GSM2344299,Uterus
12.7777214513546,-14.6950957438411,-7.21266547833449,GSM2344317,Spleen
16.5414283953382,2.17534935262442,-4.16090488977588,GSM2344336,Spleen
-5.0202610361534,5.75131998614557,-10.3069833025055,GSM2344399,Colon
18.6086286291174,1.41324729689947,-2.26257608928314,GSM2344426,Lung
-17.1263610576509,-13.6536776247007,-1.12454963593075,GSM2350349,WholeBlood
15.060654144193,-2.94475106647382,8.72650708577863,GSM2359150,Kidney
-2.05628004959376,-13.4869101253077,-1.42596613219107,GSM2359259,Lung
-11.5836191182653,-12.9960759702209,8.02109160550504,GSM2359808,Colon
8.67121873475365,0.908263221407986,14.6469815409522,GSM2359811,Colon
10.3822978213836,9.46451246374356,5.2336997883858,GSM2361628,WholeBlood
-16.7622714800237,-1.40553241405706,-4.08775589595826,GSM2361767,WholeBlood
-3.22499135002957,-0.140131092339477,-6.13456576228142,GSM2361837,WholeBlood
-14.2326568181608,6.99071757237252,-7.56546488787648,GSM2361934,WholeBlood
-6.47534342166479,11.171426186714,4.93344467765653,GSM2362098,WholeBlood
-2.50875715984662,17.4875557707363,-2.02469174338914,GSM2362316,WholeBlood
-31.9218699801304,-9.89116187174361,-2.6161987966618,GSM2369708,WholeBlood
-31.7072717616045,-10.8878417711871,-3.53918698490855,GSM2369881,WholeBlood
-32.3086818398457,-10.3395884061954,-2.78530019029625,GSM2370031,WholeBlood
-33.8605926054084,-10.0249168646282,-3.28999492575816,GSM2370035,WholeBlood
-29.2036910243218,-10.1121265842834,-2.6768118997824,GSM2370126,WholeBlood
-31.309008213377,-9.77867142099393,-1.95344689502486,GSM2370143,WholeBlood
-31.5817544691531,-10.8660809314131,-2.37902995074117,GSM2370192,WholeBlood
-29.0388417621678,-10.1908526283766,-1.89769427649014,GSM2370315,WholeBlood
-31.3476278731276,-10.3170132264145,-2.89089359905458,GSM2370409,WholeBlood
-31.9707936148155,-10.4836523212095,-4.13194876941746,GSM2370446,WholeBlood
-31.843346108211,-9.41810012717173,-4.07889428405733,GSM2370451,WholeBlood
-33.1715554349204,-10.2795388769382,-4.46101847011951,GSM2370479,WholeBlood
-1.25450966579935,-2.80896691218625,-8.99395557421684,GSM2372269,WholeBlood
2.41337277849092,0.655041327317859,-8.88941291966643,GSM2372287,WholeBlood
13.1261984536587,-10.5185316167761,27.5301947658792,GSM2387229,Heart
12.3888536207629,-7.23590840705474,28.6909001991718,GSM2387233,Heart
12.6301403098966,-8.00879286414979,28.6127757690521,GSM2387236,Heart
-12.3486600275035,-11.5158429384814,11.9164492124151,GSM2387338,Colon
1.14202508553208,6.62314416222843,-13.0303932004402,GSM2388508,Liver
17.220713576295,-0.554656852303828,-8.38154935938152,GSM2393509,Lung
-10.7634159708445,15.4622159233073,-4.9317737351635,GSM2397635,Kidney
-10.4271237415105,13.7970809130866,-5.82613650381407,GSM2397638,Kidney
-9.75713326189348,12.4182007168813,-4.71585547050045,GSM2397647,Kidney
-10.1869698587169,14.2414264229433,-4.74865829760562,GSM2397650,Kidney
-9.81919188259717,12.7104821193567,-4.62380876213732,GSM2397653,Kidney
-10.5701448358518,11.75233568811,-4.6610812942256,GSM2397667,Kidney
-13.9180211398025,9.63783582029031,-7.21097662068617,GSM2397677,Kidney
-13.4353443567866,10.0287622995249,-6.90281463490408,GSM2397692,Kidney
-10.0813871913571,12.7022875890839,-2.87372874962161,GSM2397702,Kidney
-7.59533445993284,14.4035241559357,-5.92685205130293,GSM2397706,Kidney
-8.42510879453537,12.0726942461925,-5.39170231654344,GSM2397721,Kidney
-8.78435282655784,14.7732384760187,-7.98896049649973,GSM2397722,Kidney
-11.0794880195849,13.8857280483257,-5.70298712740062,GSM2397733,Kidney
-9.69540847498459,13.0402150280278,-4.13677706335764,GSM2397737,Kidney
-13.4810631427832,9.95519976038863,-6.83033573537186,GSM2397781,Kidney
-9.46196607919347,14.6481428005281,-4.36798126309486,GSM2397783,Kidney
-8.69757662939668,12.8638073473261,-3.90560761673433,GSM2397786,Kidney
-11.1859001657316,12.5893204062304,-2.45841539787948,GSM2397801,Kidney
12.4005493428161,11.1836977661763,-5.5502284230726,GSM2397899,WholeBlood
12.1052023104823,-2.64468246156323,-0.388314306723626,GSM2397980,WholeBlood
18.404863077238,5.38363180739202,-2.17897067309776,GSM2398076,WholeBlood
2.58766174088469,14.0928050004757,-7.82832735540661,GSM2398124,WholeBlood
2.92976244067408,13.9633078068134,-8.18019748889792,GSM2398152,WholeBlood
13.1796550974207,-1.90337547419401,4.66958463865326,GSM2401579,Prostate
-5.79387485436214,14.9271816604907,8.43172315591857,GSM2408050,Kidney
-10.3967689723439,15.3293966126921,-1.02275433906745,GSM2408053,Kidney
-12.2347435818582,18.7083937786625,-0.25979236393661,GSM2408056,Kidney
-9.90668100882935,11.4388028047712,-6.50297325750747,GSM2408062,Kidney
-10.7226067083505,15.099786314196,-6.03748351273339,GSM2408069,Kidney
3.54869247019651,8.62152770553051,1.93841044749079,GSM2408074,Kidney
-11.7886298130042,13.9735094845837,-5.3405156769397,GSM2408082,Kidney
-9.78856246812863,10.5619810648867,-4.47727565407501,GSM2408089,Kidney
-12.7201545822557,13.4316178720529,-3.26174257141231,GSM2408096,Kidney
-11.5521999611971,12.364500292556,-6.96758888006987,GSM2408102,Kidney
-8.193111014239,15.6616942412298,-10.2795233279069,GSM2408112,Kidney
-12.9522432286086,11.8668464195751,-2.35489516090482,GSM2408115,Kidney
-12.5138567214463,12.0808981542426,-2.35402039188042,GSM2408116,Kidney
-2.20868271535444,17.7897146876658,12.6638346745343,GSM2408147,Kidney
4.87760642920651,-17.5347947587926,7.53792277609811,GSM2411871,WholeBlood
-11.7800581382696,-4.93963309996812,-15.1323536722005,GSM2416883,Liver
11.6755160737117,-1.3588860818622,12.9301893058926,GSM2432779,Prostate
-5.66472756729937,-9.0643937700917,-4.01041207574394,GSM2433136,Lung
-16.8920999570492,11.305837272073,-13.826299909413,GSM2434134,Kidney
-9.79021802567265,-9.56609754089936,-11.2778859656401,GSM2436515,WholeBlood
-6.32907038254578,-11.1088823367425,-10.3798474011342,GSM2443371,Kidney
1.60116806105041,1.9647073760908,-27.514874207119,GSM2453421,Liver
-2.46432922921506,-1.3316040480416,7.53451754279639,GSM2453436,Colon
-18.3565761278296,-1.58906016565228,-3.73330961231467,GSM2453444,Spleen
-24.9250983365884,-6.19397103781021,-7.02278552563606,GSM2453445,Spleen
13.0821925642267,-7.23575694833747,29.2345462015105,GSM2453454,Heart
-4.97994782631552,2.71734793964645,7.83366845999758,GSM2453458,Testis
0.28327944168751,-21.4088313304413,-3.42041849092424,GSM2459130,Liver
1.24629223882188,-20.4920898968884,-4.45951729635016,GSM2459131,Liver
0.0225787195206039,-21.9873762222926,-2.97229576176173,GSM2459134,Liver
0.0316340685010811,-21.9877352561331,-3.02537797301105,GSM2459135,Liver
-11.0300801661291,-10.2609397187192,-9.51676633339903,GSM2464768,Colon
4.37532518468357,-15.8745149828989,1.18850110302717,GSM2464771,Colon
4.5373089179747,-14.994795104831,0.39864527227011,GSM2464779,Colon
4.40316485735067,-15.6850341220186,1.0491729655182,GSM2464780,Colon
-28.0460011723908,-10.6360947494012,-1.78774439992437,GSM2475338,WholeBlood
-29.0127756782972,-10.9221599548887,-1.98554549623518,GSM2475451,WholeBlood
-29.9936184045748,-10.8425513135567,-2.49843021145331,GSM2475543,WholeBlood
-29.0808725555043,-10.6144227460667,-3.13227782477695,GSM2475723,WholeBlood
3.46875113009901,-0.818355136832592,-26.7829273175349,GSM2480443,Liver
1.37326158844237,-2.59435003996181,-29.4854448177248,GSM2480447,Liver
2.32504062772214,-0.660710637435415,-27.9376868728401,GSM2480457,Liver
1.38399732884599,-2.31792501332806,-28.4716248205342,GSM2480459,Liver
-26.9554945167816,-0.622325467555901,1.03400090030078,GSM2492500,Spleen
-26.6676916038735,0.451481541073528,0.892219571245527,GSM2492501,Spleen
-27.2052031011271,-0.188012734590479,1.5147255429264,GSM2492502,Spleen
-27.2545774122946,-0.315430826446981,1.55060181846543,GSM2492503,Spleen
-26.88206374635,1.67715101225956,-0.818199072168151,GSM2492508,Spleen
-26.7322596031632,1.17683315534071,-0.419545720281319,GSM2492509,Spleen
-26.7098170187371,2.04817594792109,-1.68480592741489,GSM2492510,Spleen
-26.545632764423,1.91027439846867,-1.63057081921016,GSM2492511,Spleen
-23.4149003844125,1.82974460953984,-2.52813664311039,GSM2492516,Spleen
-24.3691172651757,1.08439067043392,-3.29894896588027,GSM2492517,Spleen
-24.3204862005932,1.90588008766496,-2.74576798712515,GSM2492518,Spleen
-24.4258645868825,2.16866561512855,-2.71405903147051,GSM2492519,Spleen
-26.108561494551,0.842441651491555,-0.959504461001785,GSM2492522,Lung
-13.0423955499751,-8.45878107225827,1.55740444826005,GSM2496686,Colon
16.5238174743103,1.65670209571225,0.210798293716343,GSM2496704,Colon
-4.2354960766712,10.7223379321294,-27.0892739456694,GSM2511543,Colon
-2.97718897327762,10.4452694287725,-25.1990732720295,GSM2511551,Colon
-18.7430726596486,-6.07545707479614,-9.124905310825,GSM2511566,Colon
-3.57042972226571,10.1234370195022,-26.1534240446955,GSM2511569,Colon
-3.38898739029573,10.554456317942,-25.9209978248624,GSM2511576,Colon
-4.08213472583633,10.3710125077462,-26.8854064230505,GSM2511607,Colon
-3.6862062608508,9.82839931449536,-26.4130073812758,GSM2511615,Colon
-18.957982882282,-6.06224642961613,-8.75684264645864,GSM2511617,Colon
-18.9878014191213,-6.058930244487,-8.72832021483089,GSM2511620,Colon
-7.49495895200387,2.693170960697,4.24105409484582,GSM2516114,Prostate
-7.36101665292143,2.6074787953906,4.21085117623317,GSM2516115,Prostate
-9.1241806676794,-0.42428366355476,2.73848206987289,GSM2516116,Prostate
-7.39446876419022,18.110436621296,2.31158385309518,GSM2519485,Esophagus
-8.06191837866508,17.9330163517447,1.74170948869399,GSM2519486,Stomach
-6.92584196963283,18.5189026684112,-0.274855734078057,GSM2519489,Esophagus
-6.30865885909088,20.0087149473212,0.538096887618956,GSM2519492,Stomach
-4.66476342821592,17.421314908307,8.17724268796563,GSM2519496,Stomach
-11.066126390065,22.9968247851484,3.07439133694539,GSM2519501,Esophagus
-11.2941849442872,23.0122196040222,2.38084274119037,GSM2519502,Esophagus
-11.2271955474348,26.0882036155325,3.52732584943085,GSM2519503,Stomach
-11.1374823029685,26.0274971866592,3.40378067260005,GSM2519504,Stomach
-4.76142048526575,16.4246725016872,8.90359372201095,GSM2519507,Esophagus
-4.74555724700128,16.9529997936249,8.31128451145148,GSM2519508,Stomach
-6.50626201366376,32.7929913900636,7.27293572182176,GSM2519512,Esophagus
-6.06929293411882,32.7123421136328,7.22933903708024,GSM2519513,Stomach
-4.78446508729278,19.8899062629403,2.77877792724449,GSM2519516,Esophagus
-5.08711376117816,19.4350348331475,3.0004650597856,GSM2519518,Stomach
-6.18382095408893,32.7993929218608,5.94026599077335,GSM2519523,Esophagus
-6.23982990383692,32.8904766479693,6.01484345531773,GSM2519524,Stomach
-6.76462886178106,18.4552108503034,4.92861919595825,GSM2519527,Esophagus
-7.15367341924538,18.7277905991447,5.42502434980318,GSM2519528,Esophagus
-5.922389324332,18.8594541295072,3.43450178112023,GSM2519529,Stomach
-6.10068617806331,20.4168618843658,2.93077407968493,GSM2519530,Stomach
-10.8843358908382,27.2609973826298,3.94537897519976,GSM2519535,Esophagus
-11.7338881378334,24.5083514287252,4.5921098167789,GSM2519537,Stomach
-11.1409808074038,23.278830121465,3.67549016728576,GSM2519538,Stomach
-5.01964954496801,18.5474869475208,3.85628157735298,GSM2519543,Esophagus
-11.823788089479,24.5776744081304,4.71672600740906,GSM2519548,Esophagus
-11.4056115430308,26.7855950491367,4.21259628739906,GSM2519549,Stomach
-8.62387063105755,17.0938913181044,1.17525905174612,GSM2519553,Esophagus
-6.54736214620558,17.8879291558756,-1.84390187948816,GSM2519554,Esophagus
-8.29662641398945,17.5494679426719,0.359651387486944,GSM2519555,Stomach
-9.10448050527152,11.2592423736265,4.53250133560212,GSM2519556,Stomach
-8.19931149384197,17.7057145542274,0.472010727629643,GSM2519562,Stomach
-8.73454310900059,30.0497101735591,7.50082921344678,GSM2519569,Esophagus
-8.75461323784349,30.0250392277638,7.51036644086742,GSM2519570,Esophagus
-6.26915134017904,32.3484719302394,6.62685412687552,GSM2519571,Stomach
-6.7713768246453,32.0039330652553,6.44716038075745,GSM2519572,Stomach
-2.7934677607736,17.3811963273137,8.29040102720609,GSM2519578,Esophagus
-5.77878367353539,22.6057189370036,12.0692592078468,GSM2519581,Esophagus
-11.9005109558027,22.9119418612575,0.748177467026665,GSM2519584,Esophagus
-9.46859262488761,15.1606142125288,3.57937426778558,GSM2519587,Esophagus
-2.66603621931342,21.1741797657196,7.52526203133142,GSM2519589,Esophagus
-1.2130436669326,20.5825282890124,8.67785192688851,GSM2519590,Esophagus
-6.3811159374196,10.4481461686116,5.5579100693591,GSM2519591,Esophagus
-6.73472135406753,20.7090387972705,-0.0721155585230691,GSM2519595,Esophagus
-14.8059425050681,12.2629739424156,5.13131282394786,GSM2519596,Esophagus
-11.1517432855668,22.8795769157961,-0.420636703741602,GSM2519599,Esophagus
-10.5041582264457,22.9847055125752,-0.572374763203813,GSM2519600,Esophagus
-10.7243668634739,23.6128949928171,-1.01728212378864,GSM2519601,Esophagus
-9.22940289710556,17.0606271445375,6.05158407252763,GSM2519602,Esophagus
-9.28277567527488,17.0929772548925,6.55785238079225,GSM2519606,Esophagus
-11.7531283113915,23.6617032096471,-1.38469335719429,GSM2519607,Esophagus
-0.0329530422232913,18.4257021946161,-5.97736433005586,GSM2519608,Esophagus
-4.68939101355695,16.0349232469185,6.38511526448983,GSM2519609,Esophagus
-0.100324633673283,22.4739581619582,2.05498526293316,GSM2519610,Esophagus
-0.995992496122468,22.8438762401759,6.36707920072031,GSM2519613,Esophagus
-3.13413320451628,21.5660971081984,0.76830355861754,GSM2519615,Esophagus
-8.24307314968083,15.0355176375377,-8.84310176247954,GSM2519616,Esophagus
-1.18005389184693,18.5811081267307,5.62993805191487,GSM2519620,Esophagus
-14.9880626789063,11.9218392977305,4.88463905024681,GSM2519622,Esophagus
-4.92550500575146,14.6442399165847,-8.3258596878791,GSM2519624,Esophagus
-1.59259874658346,22.7476669672669,0.651985469012387,GSM2519628,Esophagus
-2.79641903364553,17.7998693288871,3.41822600127407,GSM2519629,Esophagus
1.66897521904426,21.7150335189748,-0.680380940303699,GSM2519632,Esophagus
-6.83913236000818,15.2246494986647,-9.68683369338329,GSM2519633,Esophagus
0.422806460026447,23.8362313181185,6.3435335815802,GSM2519634,Esophagus
-8.33848963401006,19.2139415240601,6.04084264905467,GSM2519636,Esophagus
-4.17864490306318,25.0825492544464,0.971033570697117,GSM2519637,Esophagus
-0.538393167705271,19.6950166293879,2.30239558990655,GSM2519638,Esophagus
-9.99141923216449,12.070904816812,-1.66196932205173,GSM2519639,Esophagus
-11.1415477278556,12.107186536799,-0.65077809266232,GSM2519640,Esophagus
-4.31652166575665,16.3835009544361,3.15217736759355,GSM2519641,Esophagus
-9.44725910722048,21.9803732919801,-0.600304387346619,GSM2519644,Esophagus
-5.68835662892294,22.5029295336126,12.0080698579037,GSM2519645,Esophagus
-15.608845865471,-0.746058008419378,-3.44672614098099,GSM2519646,Esophagus
-9.5459570345614,24.1535110779594,-0.75066631189187,GSM2519647,Esophagus
-7.36823243429353,9.91931406005139,5.69181821081779,GSM2519652,Esophagus
-3.59856505720786,17.1671539966927,8.39517820508726,GSM2519653,Esophagus
-11.8542857229922,19.1132277242252,0.714670769148169,GSM2519654,Esophagus
-14.78361371115,16.8884423048283,8.688575687474,GSM2519657,Esophagus
-8.50085839090348,10.21650118285,5.09605565056723,GSM2519658,Esophagus
-3.75032662255977,18.2521380770726,14.1087448757322,GSM2519659,Esophagus
-2.74948864183433,8.48246521068471,11.5390009356725,GSM2519661,Esophagus
-3.89018174250203,15.9205945876567,3.01328745923276,GSM2519662,Esophagus
-6.39441594968497,17.9994960418501,-2.0107500365285,GSM2519663,Esophagus
2.80027903468117,10.7397782067604,4.75648553399419,GSM2519665,Esophagus
-1.95663226287863,21.8512249080633,6.64839739663529,GSM2519666,Stomach
-3.83689394896921,20.7772841294849,2.23666277000999,GSM2519668,Stomach
-1.46042695088644,19.0826947086433,4.92445057354361,GSM2519669,Stomach
-1.3635602966975,22.9343523627887,4.30803905942515,GSM2519670,Stomach
-4.58590369624274,17.0355047414587,5.97037493833893,GSM2519672,Stomach
-0.857000396936022,3.34326232868103,11.3533434893203,GSM2519674,Stomach
-5.4361930162622,20.1517935249973,6.64238830864281,GSM2519677,Stomach
-5.17641609570797,20.1838183202988,6.94795073149408,GSM2519678,Stomach
-1.62234795051694,22.4578615639812,1.3160478791091,GSM2519680,Stomach
-10.5183207082238,11.5532435452993,-8.34120050608463,GSM2519681,Stomach
-3.48833943790748,20.029363986934,12.2688227470919,GSM2519683,Stomach
-3.31022168119961,20.0065387379144,7.95217540119557,GSM2519684,Stomach
-0.901030717452125,22.6803356912058,3.37546739639873,GSM2519685,Stomach
-1.19049131081446,22.7826651047845,5.47073905521308,GSM2519686,Stomach
-9.58569465956623,19.7422095205026,5.82458382669384,GSM2519687,Stomach
-3.45982729969986,22.2865172549157,11.8799885553659,GSM2519688,Stomach
-3.67300775774517,22.6294408603755,2.65935966096027,GSM2519689,Stomach
-6.83665427863024,18.988909729469,9.24820144810497,GSM2519690,Stomach
-3.38885082212536,23.0792018896006,2.5949087039519,GSM2519692,Stomach
-1.29478004819695,14.320262104561,-2.00975432594119,GSM2519695,Stomach
-15.8401427180532,10.4862106448285,4.04040125398851,GSM2519696,Stomach
0.183478860859452,21.7009228137543,2.46820800808061,GSM2519698,Stomach
-6.62199815206506,21.1914659548576,10.4505176557658,GSM2519699,Stomach
1.79305932103747,21.6096888070284,-0.108680206280126,GSM2519701,Stomach
-3.84387717087237,18.8332015372837,14.1142521042846,GSM2519702,Stomach
0.00883519072337214,16.2491105520342,9.98940164098959,GSM2519703,Stomach
-2.97103051423423,21.9296123674239,11.6540809086667,GSM2519704,Stomach
-1.75307742123794,19.3772462459865,3.43904263348295,GSM2519705,Stomach
-2.7013217218107,25.8403914006675,0.712946481541999,GSM2519706,Stomach
-3.05252293563301,17.8662996466301,7.50151720289313,GSM2519707,Stomach
-7.0559387881912,16.8229746309339,7.90290883156559,GSM2519708,Stomach
-23.3422311648422,3.84653151736067,-3.36365392277978,GSM2519710,Stomach
-10.1982997661211,11.1232097806454,-9.07456330441598,GSM2519711,Stomach
6.87478547097862,10.7803526192213,-0.433900937192881,GSM2519712,Stomach
-4.84898584578976,17.781766961572,5.06434420114452,GSM2519714,Stomach
-2.18944182765272,16.790607491187,-7.17135953188698,GSM2519716,Stomach
-3.56801559193757,13.6124580744292,10.6590526544506,GSM2519718,Stomach
-3.57254045210511,18.9755726717303,11.0264441493381,GSM2519719,Stomach
-4.48851599245597,18.4974479729062,8.60506856178143,GSM2519720,Stomach
1.15048832461222,22.8003831868773,-1.37730690635818,GSM2519721,Stomach
-3.89064085860483,14.2080605721841,10.1792109530321,GSM2519725,Stomach
-6.66436008715965,17.2450452036656,10.1239420176794,GSM2519726,Stomach
-5.32804267981685,19.2039272534495,8.32944959398399,GSM2519727,Stomach
-5.36702487793676,14.3816234206225,-9.05340256471049,GSM2519730,Stomach
-1.41571676981396,24.2702697723482,-1.28670192021205,GSM2519733,Stomach
-0.15875882370383,16.1404390465304,7.20396694860828,GSM2519734,Stomach
1.51275564039531,16.4817046935684,9.17075848824959,GSM2519735,Stomach
-7.01122561837778,15.6424316977785,3.72776298126634,GSM2519736,Stomach
-0.986916615968584,10.707565627168,8.23654783274926,GSM2519737,Stomach
-6.79654489567212,17.1603317608878,9.51392248376386,GSM2519738,Stomach
-6.20458349795205,17.5266197344062,10.8123942191475,GSM2519740,Stomach
0.187614039994064,23.050093486316,1.63048069417807,GSM2519742,Stomach
1.50895220951164,16.1071673022758,8.49888607037369,GSM2519743,Stomach
-6.07820994592429,16.3105612653633,3.46984452166397,GSM2519744,Stomach
11.121677463272,-1.76615945909976,-0.377600307170737,GSM2519745,Stomach
7.35949508886307,10.6654430839278,-7.17129207913137,GSM2519746,Stomach
-12.8442953061101,11.6383284973494,4.26726546085818,GSM2519747,Stomach
0.358699277258143,16.4461314916116,-6.99890956624694,GSM2519748,Stomach
7.21438816498089,11.714581958755,-1.1792213788708,GSM2519749,Stomach
-2.40392143510092,11.9464731993748,8.32423787224817,GSM2519750,Stomach
-1.93242551803049,13.9833471368976,-3.90387140424204,GSM2519752,Stomach
-12.849231626782,-13.4948344793317,-26.9078762754542,GSM2520172,Adipose
-13.4256681839416,-15.1936317198914,-27.4298642711815,GSM2520210,Adipose
-13.9823601542836,-14.2094466617732,-22.1956862594721,GSM2520219,Adipose
-12.5411077938624,-13.6415412149991,-24.764638896797,GSM2520221,Adipose
-14.9781695552252,-13.3474532830602,-25.0511870274369,GSM2520234,Adipose
-17.2775978965849,-12.7559620250397,-26.6005718824106,GSM2520258,Adipose
-18.0671545622926,-12.7033255059982,-26.3187652247195,GSM2520277,Adipose
-13.1966137664382,-12.7569294155078,-26.8022696768799,GSM2520303,Adipose
-15.6389030316727,-11.2828981249141,-26.3718546943122,GSM2520308,Adipose
-14.0244266155356,-15.4123575588831,-26.9150707636923,GSM2520325,Adipose
-14.2075041575011,-13.3904160242977,-26.0361937050976,GSM2520329,Adipose
-16.4538761781406,-15.3896991263113,-26.6808388402376,GSM2520336,Adipose
-11.6340586596092,-13.3988132396054,-26.6614963141396,GSM2520362,Adipose
-14.2413325249401,-14.309837981645,-24.0968732674937,GSM2520363,Adipose
-11.3333219015688,-13.5864543303679,-28.656859853898,GSM2520364,Adipose
-12.4585467848852,-12.3531052342117,-26.4347945896539,GSM2520366,Adipose
-11.7286503641478,-12.9956260379693,-28.4612898713885,GSM2520367,Adipose
-11.5654589666353,-13.7980669270068,-27.0654336308478,GSM2520372,Adipose
-11.4364697174811,-13.8591934786891,-25.8466928386485,GSM2520387,Adipose
-11.4847043869432,-14.5314859866302,-24.2627744022735,GSM2520389,Adipose
-15.6418037374922,-10.4790876560322,-28.4760166190363,GSM2520403,Adipose
-14.5797664593623,-13.6259297947654,-22.6538991928521,GSM2520411,Adipose
-12.4567223711936,-14.079650328938,-24.8329496663392,GSM2520413,Adipose
-11.7138644234763,-13.0390257989004,-25.7796412231987,GSM2520414,Adipose
-17.0907418728914,-11.7074778769544,-27.6215103293959,GSM2520429,Adipose
-16.9149080469507,-10.4366790542873,-27.05591334563,GSM2520440,Adipose
-13.8102741465521,-9.34351377659234,-25.4029768159154,GSM2520441,Adipose
-14.0103133788004,-10.0792923316429,-25.1801140842018,GSM2520443,Adipose
-17.0548983906357,-12.6401274352529,-25.0332848057243,GSM2520445,Adipose
-16.3393354285216,-12.2072927495766,-28.5138335033481,GSM2520447,Adipose
-13.7000790219629,-12.9619970271519,-27.5893603133154,GSM2520452,Adipose
-16.1443441228119,-11.0854611705913,-25.0684195166776,GSM2520453,Adipose
-16.5785126956888,-12.2025136030244,-25.1457673364688,GSM2520454,Adipose
-16.3442935100533,-12.8516565420586,-27.3268478774018,GSM2520462,Adipose
-16.58716399343,-12.726895801232,-27.6363080570053,GSM2520468,Adipose
-18.6661062423469,-12.6222469663852,-26.5648790265611,GSM2520472,Adipose
-13.9571219779143,-9.39741305780715,-25.4709137963922,GSM2520478,Adipose
-15.6638591357145,-13.2350848279517,-24.6002416818651,GSM2520487,Adipose
-13.4425814206707,-15.1240058388999,-26.0407111040304,GSM2520488,Adipose
-17.2233637603766,-11.3706125169273,-26.1369117996725,GSM2520493,Adipose
-11.8348935208997,-12.4939497801784,-23.8934341643487,GSM2520511,Adipose
-14.1673885544812,-11.7067915482473,-24.9871743243297,GSM2520527,Adipose
-15.5715532868217,-17.3118962628797,-27.6316853567053,GSM2520530,Adipose
-33.4340196022608,-9.47502559645463,-4.26762188042455,GSM2532909,WholeBlood
-11.8649632638796,-11.9048373151909,11.4141922514084,GSM2545876,Colon
-11.0866374623195,-11.7983497759195,11.9255715551372,GSM2545883,Colon
-11.8500006823694,-11.7840280835848,11.642076491181,GSM2545891,Colon
-0.886143408339347,-2.55698657856396,-22.225664799168,GSM2547192,Liver
-0.200954834201366,-3.00179018242563,-23.9250075708806,GSM2547200,Liver
0.248395678857222,3.4414970407848,-22.7607822159065,GSM2547210,Liver
3.41722567881879,2.10749265918816,-21.0236442649219,GSM2547213,Liver
-0.577099243801978,-2.26028402926139,3.29967355000763,GSM2547214,Liver
14.2720765879858,14.526067497076,-6.51498192634669,GSM2547237,Liver
3.43201828149791,2.09723679921017,-21.0402213681097,GSM2547243,Liver
0.164914279069224,3.60095347885125,-22.5245039961105,GSM2547253,Liver
8.04866950585612,0.697983108293124,-5.84873365075963,GSM2547261,Liver
9.54796921572789,3.27843203264543,5.96260440421968,GSM2547274,Liver
4.57012593159986,6.06774340632462,4.38646937737213,GSM2547291,Liver
9.6756558072893,6.06458389679274,-1.77421398499484,GSM2547296,Liver
-17.6718286999262,13.8166526275686,-6.769648384868,GSM2547311,Liver
-1.51021214255847,6.46608598036541,-14.6827340590594,GSM2547350,Liver
-17.8785735459042,15.3656225298788,-8.71813243614202,GSM2547356,Liver
-2.40807012898486,-1.52494230118682,7.54153067052448,GSM2547360,Liver
-1.73108941015186,6.15532192864011,-16.0066056568565,GSM2547363,Liver
-1.56411466297423,6.49985478427021,-14.640562777431,GSM2547373,Liver
-15.929419553542,9.85302077211185,-9.97801866226215,GSM2547410,Liver
-11.9916218521794,-11.634775810966,3.82089026770785,GSM2547444,Liver
-1.84746455429161,4.62142932883419,-15.6319694204487,GSM2547459,Liver
-1.60778340571394,5.02905149443366,-15.9927571788031,GSM2547478,Liver
0.792924118507165,-18.8139783074744,-4.31235184449456,GSM2550463,Lung
-5.2061634708822,9.82759889355035,-1.72102116120579,GSM2551680,WholeBlood
-11.6596917274196,6.90144204347114,-13.3745626056329,GSM2559625,Prostate
-32.4422663588911,-4.61219161180608,-5.5381942583666,GSM2562313,WholeBlood
-33.2400572730447,-5.76772023207745,-5.47649460677244,GSM2562320,WholeBlood
-31.5122467795045,-5.10973560451385,-4.99518771050479,GSM2562391,WholeBlood
-32.5925301351263,-4.31546601593734,-4.56374718386766,GSM2562436,WholeBlood
-32.1365296147344,-4.53921537641421,-5.17976427307267,GSM2562481,WholeBlood
12.822481824411,-7.41510492528892,27.9249795713343,GSM2563039,Heart
-5.15302634146467,2.89579345359792,7.61984246573621,GSM2563046,Testis
-32.3598031696002,-7.12329235165626,-1.2681022629904,GSM2572732,WholeBlood
-32.2209838744254,-6.8573169411766,-1.24651952246456,GSM2572742,WholeBlood
13.7327815676385,8.57072731211409,-2.79728540000991,GSM2579940,WholeBlood
13.76164931488,1.69034126138765,4.24025454360711,GSM2579958,WholeBlood
-13.3175885086627,6.19951939199597,-12.9812600529668,GSM2585362,Prostate
0.853454087349122,-16.3931547030073,-4.59454701667449,GSM2586509,Liver
8.07945327196265,-5.30476517949663,3.08885295717581,GSM2588256,WholeBlood
6.74643417411703,-4.2115142476391,3.79904336359652,GSM2589388,WholeBlood
-33.0740115571021,-3.34046686824025,-4.45171164016606,GSM2607678,WholeBlood
0.429754848008058,-13.4163759414499,6.93144908683708,GSM2633899,Colon
-0.148256629490552,-12.7149135600723,7.2028310611076,GSM2633901,Colon
8.98206067619213,-11.5198817264149,8.34627384951339,GSM2633911,Colon
5.07038031900245,-25.266647675411,12.8420837777692,GSM2637980,Spleen
-22.1680032975497,-12.2668586461019,3.40344808361507,GSM2637981,Spleen
6.03013233297242,-25.2587841135663,12.6573323315198,GSM2637982,Spleen
6.790123727825,-25.0085968329984,12.8514827041754,GSM2637986,Spleen
5.61834816502952,-26.0871668526405,12.9371767562824,GSM2637987,Spleen
4.84629202934283,-25.885137843735,12.6274583255059,GSM2637988,Spleen
5.31655894941811,-25.8975314340885,13.645969467601,GSM2637993,Spleen
-22.9325667367969,-10.5203163811465,1.68940955093491,GSM2637994,Spleen
6.36615123630432,-23.9765538668536,12.9524296107466,GSM2637996,Spleen
-23.2321833777048,-10.3374410149641,1.35466855604679,GSM2637997,Spleen
1.19007906012254,-25.6906897991965,13.2023889103507,GSM2637998,Spleen
1.16265673697723,-25.6884847812309,13.2057576215026,GSM2638001,Spleen
4.99606944616205,-26.3712139104776,11.9691703570541,GSM2638002,Spleen
-22.2096609159429,-10.9623766324134,2.44831167788322,GSM2638003,Spleen
5.4759923386298,-25.4543321502681,13.1873170580957,GSM2638005,Spleen
-23.2397497443994,-10.2648826698999,1.16951270070526,GSM2638006,Spleen
2.10705446944219,-25.6759388843058,13.144814124372,GSM2638007,Spleen
-3.010798976824,-12.2363513529316,-10.8839464265443,GSM2641038,SmallIntestine
-3.61803098982359,-11.8550384292373,-11.8159485119112,GSM2641039,SmallIntestine
-2.94747860098341,-12.5821602235656,-11.2502533167933,GSM2641040,SmallIntestine
-2.45589156452089,-13.2285102253511,-11.0434062736028,GSM2641042,SmallIntestine
-2.65561788535415,-12.9859585445196,-11.4489641657518,GSM2641043,SmallIntestine
11.4637504678547,-8.17524907336294,27.8609790231955,GSM2641083,Heart
9.46234016977794,-8.0297617436965,27.2609711373781,GSM2641085,Heart
11.3842237586254,-9.87427205131004,29.040646625121,GSM2641087,Heart
-18.9519459688205,4.34569802497492,-1.47128057617187,GSM2643270,Prostate
2.7086640941786,-13.219225992543,-5.16869780666859,GSM2643273,Prostate
-9.93141111999236,-7.11187960952062,-15.3898600737119,GSM2648745,Lung
13.3820943468825,-4.3320893398588,-1.21826888174285,GSM2649070,Testis
13.5112655026181,-3.8522215162011,-0.829854873841553,GSM2649071,Testis
13.5823803729649,-3.72829486237236,-0.652793461490498,GSM2649072,Testis
-12.4990453109516,6.45066385219851,-13.1663687756728,GSM2650001,Prostate
-14.1201854681964,6.68362592214443,-9.49984439488708,GSM2650012,Prostate
-14.1343133945316,6.72874653792356,-9.32463910707968,GSM2650013,Prostate
-2.71109215124435,-3.35188206839622,3.05336407670793,GSM2653790,Prostate
2.73870353646549,0.0351576533076269,-27.9908379290164,GSM2653823,Liver
2.88880058290867,0.144519862767415,-29.9132461537525,GSM2653825,Liver
-16.0843517961258,-2.70804818177937,-4.10548122725441,GSM2653844,Liver
-16.2240580739638,-2.93586261819191,-4.94088454418369,GSM2653847,Liver
10.8643729147207,0.954909698293261,-4.90636696538782,GSM2667287,WholeBlood
10.9235383271468,0.913586967758738,-5.01328071856234,GSM2667294,WholeBlood
12.1937595853257,3.54277187720741,4.31360920417122,GSM2667408,WholeBlood
4.54006329996209,0.955827102227067,5.69663706836528,GSM2674631,WholeBlood
4.60291321670452,1.30619627420754,6.64664774086532,GSM2674648,WholeBlood
7.57346652755244,-3.0773562526498,5.99392957259358,GSM2675502,WholeBlood
-15.6294690492237,10.7942954382859,-10.1336073033795,GSM2677868,Pancreas
10.9475014841843,8.82475217946119,0.938265809172265,GSM2689009,WholeBlood
10.9098405867508,8.72207823006382,-0.370991272214645,GSM2689068,WholeBlood
8.41075587201264,10.028993238199,8.8782998220965,GSM2689212,WholeBlood
8.08709437800897,3.7927941642834,-3.66653394515709,GSM2689248,WholeBlood
10.2530204471075,-7.06916780766395,-9.40675770427203,GSM2689342,WholeBlood
13.8790348778021,6.07978637828922,-2.02442410227143,GSM2689361,WholeBlood
9.06181458051051,0.968109923801639,14.4992740267359,GSM2695318,Kidney
12.9499598458039,-0.500783123002688,17.9393623317803,GSM2701547,Colon
12.8600535532976,-0.348941419911577,18.4455741120556,GSM2701552,Colon
0.859830062291154,-21.8227393088659,-4.25101560389605,GSM2711739,Pancreas
0.432262563985607,-20.6836372307673,-1.30089622383785,GSM2711741,Pancreas
-31.9822395261903,-8.46282948192162,-4.39155056349604,GSM2712707,WholeBlood
-8.87691895093062,0.201604614906593,-13.6131444947014,GSM2714489,Lung
-11.6918235804762,-9.64170534796738,5.30460120497062,GSM2714490,Lung
-2.32414359936962,-14.7277361695733,-10.1052978266905,GSM2723919,Kidney
39.3322155839464,1.38402994913628,14.0013637773244,GSM2728771,Muscle
1.24566163775153,4.80849149919608,5.4549861164726,GSM2730949,Kidney
-10.4562109541893,15.9999797707378,7.51503787947979,GSM2730959,Kidney
-2.80421502119202,15.7574127597472,-1.31360788031332,GSM2730960,Kidney
-17.4595975519149,13.8325994111124,-8.11942526006556,GSM2732854,Muscle
-17.443232679295,13.7138689187443,-7.83088643532974,GSM2732855,Muscle
-17.4828492658456,13.8561909307424,-8.15506508444775,GSM2732856,Muscle
-17.5195619572706,10.6040143061504,-10.9468457949622,GSM2732860,Muscle
-17.4739948067544,11.0826652563229,-11.4247407137294,GSM2732862,Muscle
-17.0645761868312,14.1912167413904,-9.03695382779468,GSM2732892,Muscle
19.2275983150421,-7.91213611529591,-3.89305414484099,GSM2740640,Brain
19.2391315922269,-7.86925945728523,-3.76255857036949,GSM2740771,Brain
-11.820831718109,-12.1728896547594,10.4493832006957,GSM2748318,Colon
4.57430782867556,-16.8923728609548,1.55985336678071,GSM2753382,Liver
6.37945520196248,15.5104984071959,-10.8766224113285,GSM2756187,WholeBlood
-16.4501085144992,4.38781374943936,-19.8578434519283,GSM2757495,Prostate
-15.3238388516719,5.24582600761019,-20.3178433728933,GSM2757506,Prostate
-15.3240749900298,5.24516641771573,-20.3181439073064,GSM2757507,Prostate
-1.20519208893007,-3.99128201691379,12.1495759034708,GSM2773442,Kidney
12.456652586037,-12.0109026354757,10.6138165077371,GSM2790219,Pancreas
1.89580914268419,-1.25314201195942,-25.5005118593768,GSM2794854,Liver
-1.68519409746911,-7.36824384956173,-16.9727270437529,GSM2794857,Liver
13.0252790828554,-0.662211655632586,17.5235089342381,GSM2808523,Colon
11.9382081121373,-12.0303962939204,11.4131090691106,GSM2845466,Heart
19.972123974295,-3.68618206444387,12.9603902438743,GSM2863099,Kidney
20.0053380645018,-3.68498431999138,13.0082354821203,GSM2863100,Kidney
-7.54265685607445,-5.67296658919885,-14.0788008184743,GSM2863201,Prostate
17.9406125111479,8.77573139979926,1.38744714488438,GSM2871616,Nerve
17.8718732397423,8.92921323671692,1.46788135592256,GSM2871617,Nerve
16.8366017820695,10.5103095126535,0.28227746689821,GSM2871618,Nerve
17.7808548942961,8.52152485880247,0.864309716817025,GSM2871619,Nerve
-14.4838952349275,-13.3247918884526,-1.99238151068613,GSM2871805,Colon
-9.08488031235201,-14.1053989628648,-0.866721750065005,GSM2871809,Colon
-14.7795600582376,-9.7980651896681,-1.22246424666759,GSM2871822,Colon
-13.9662593496963,-13.4024411068545,-1.42187495277756,GSM2871846,Colon
-17.0899417291834,-10.1431759998084,-3.42860317034516,GSM2871852,Colon
1.62084488128351,1.88443222112537,-25.6874239433755,GSM2875123,Liver
10.0796179288685,-16.9692677909218,-9.28843775586018,GSM2883024,Adipose
9.75213394660282,-17.291068321798,-10.4922666956834,GSM2883029,Adipose
9.70941996985862,-17.3505845778308,-10.6753577966965,GSM2883032,Adipose
9.71811802662665,-16.4783152678939,-9.52883342423016,GSM2883040,Adipose
9.99899723074167,-17.4435251753327,-9.75634736082838,GSM2883045,Adipose
15.885685535001,-7.99551801418065,6.91783552031707,GSM2913925,Colon
15.4687114511507,13.5575558201393,-6.57043788190492,GSM2915749,WholeBlood
-7.55591161711736,15.2204248791515,3.6144703653994,GSM2949337,Kidney
-28.1090502113598,-9.91655288902088,-2.3365151443387,GSM3011824,WholeBlood
-3.81533419010582,-7.74623184486999,-2.97252847923126,GSM3028481,Thyroid
-9.22061453171989,-2.90873376681614,1.3232332454196,GSM3052835,Prostate
-22.9661745087857,-5.00980156091343,1.34958940990213,GSM3056500,WholeBlood
-4.99885748104888,-11.6699600058761,-3.53637340410979,GSM3057174,Esophagus
-8.09852688029438,-3.92995416506981,-0.89327370592985,GSM3057175,Esophagus
-32.9344636397022,-4.19468071960504,-4.3097849534193,GSM3057315,WholeBlood
-33.5092852110373,-4.81190786026909,-5.4342305475904,GSM3057330,WholeBlood
-9.30516272081373,14.0312761528985,2.79711874726562,GSM3073088,Kidney
19.1075586783768,-8.53584477527799,-4.89004941539693,GSM3081164,Brain
-3.79756633042252,13.4221521364345,5.38970136940041,GSM3119245,Esophagus
15.9466452080358,0.545150794011547,10.5138766467676,GSM3142968,FallopianTube
15.8638405825964,0.60149788514137,11.2153479566962,GSM3142969,FallopianTube
15.426136597817,0.301837091950532,12.0191613304865,GSM3142970,FallopianTube
-3.71756416241004,-13.1336319180091,8.2552439576228,GSM3165102,Esophagus
-3.91592200366772,-11.9093592011201,10.2716137790313,GSM3165104,Esophagus
-3.89713365349989,-12.8125218935292,8.67311900210674,GSM3165110,Esophagus
2.94111624883832,-3.0864352766446,6.99422211703039,GSM742942,Heart
2.85731226748486,-2.88645341952483,7.14518752932055,GSM742947,Ovary
7.68781773409484,16.6644343286361,-11.6995887987423,GSM742949,Muscle
9.50575731676598,-5.5583143021432,2.52720725929492,GSM742951,Thyroid
2.62180754757042,15.3569318277379,-14.077311366558,GSM862354,Prostate
2.62684686664211,15.353955010481,-14.0940655025995,GSM862355,Prostate
12.2717112026809,-17.3532790043516,7.83830471898185,GSM913877,Thyroid
13.1895416840405,-17.7118569305201,8.03558301816699,GSM913882,Thyroid
12.690436268787,-17.4668279087248,7.94678822322804,GSM913883,Thyroid
15.3420812779784,-19.0788292554145,8.31601671767778,GSM913885,Thyroid
15.5808685697659,-18.9783244176064,8.36473077872679,GSM913887,Thyroid
15.6242385240442,-19.0045446904869,8.36354122105742,GSM913889,Thyroid
14.0608698584504,-18.4622865090354,8.09110553374287,GSM913891,Thyroid
14.4672159569163,-17.601314003388,8.56473573098143,GSM913893,Thyroid
-2.95052816049993,2.40282021943832,-13.7335221161209,GSM955424,Thyroid
-2.98798251368486,2.29131561831181,-13.685750491882,GSM955425,Thyroid
20.268976869829,3.93258162574386,-5.52602878491326,GSM977615,Kidney
-0.0869579646372696,-5.4217928628869,8.35677761097801,GSM979867,Testis
-0.106169523727318,-5.50036592092688,8.41150842199254,GSM979868,Testis
-1.15884325546476,-7.09605473630477,9.56312620514515,GSM979869,Ovary
-1.01824303136621,-6.82443669053455,9.59027137616476,GSM979870,Ovary
12.4025738909343,14.3631781138568,3.17226897421049,GSM999571,Brain
11.9528516178129,13.7797673394697,3.90246222584396,GSM999574,Brain
12.2292989884956,14.0085568477901,3.60632774741508,GSM999575,Brain
